"cliente_id";"usuario_id";"nombre_cliente";"celular_cliente";"ciudad_cliente";"correo_cliente";"CODI_CLIENTE";"tipo_cliente";"fechar";"fecha_actualizado";"activo";"genero";"direccion_cliente";"telefono_cliente";"edad_cliente";"profesion_cliente";"acompananteFamiliar";"telefono_acompanante";"parentesco_acompanante";"antecedentes";"entidadSalud";"seguro";"nota";"alergias";"tiposSangre";"esDonante";"tomaMedicamento";"enfermedadesPequeno";"fotoperfil";"motivoConsulta";"fechaNacimiento";"peso";"altura";"imc";"ComposicionCorporal";"ap1";"ap2";"ap3";"ap4";"ap5";"ap6";"ap7";"ap8";"ap9";"cirugiasCuales";"cirugiasOtros";"whatsapp";"tipoUsuario";"estado";"sucursal";"ocupacion";"nacionalidad";"cod_entidad";"nombre";"apellido";"zona";"asignar";"primer_nombre";"segundo_nombre";"primer_apellido";"segundo_apellido";"genero_asignado";"nivel_educacion";"prepagada";"indicativo";"habeasdata";"codigo_pais";"codigo_departamento";"codigo_ciudad";"Usuario_Web";"Clave_Web";"cod_validacion";"entidad_id";"convenio_id";"Sindrome_Down";"Fecha_Ultimo_Parto";"Fecha_Ultima_Mestruacion";"Numero_Embarazos";"Puntos";"Referido";"expedicionDocumento";"tiposExamen";"idEmpresa";"filtro_ws";"enviado";"responsableFamiliar";"telefono_responsable";"parentesco_responsable";"empleador";"empresa"
"1";"1";"WILMAURY  PUENTE ";;NULL;;"4896056";"CC";"2023-12-18 10:11:17";"2023-12-18 10:11:17";"1";"F";;;NULL;NULL;;;;NULL;NULL;NULL;;;;;;;"1__2023-12-18_10-11-18__rostro.jpg";NULL;"2003-07-20";NULL;NULL;NULL;NULL;"0";"0";"0";"0";"0";"0";"0";"0";"1";;NULL;"50231531146";;"Soltero(a)";;;;NULL;NULL;NULL;"Urbana";NULL;"WILMAURY";;"PUENTE";;;;;"502";"Si";"CO";"11";"7236";"WILMAURY_1";"1";NULL;;NULL;"0";;;"0";"0";"0";;NULL;"0";NULL;"0";;;;NULL;NULL
"2";"1";"Sheerley Keyla Zahori Castillo Chinchilla";"31969043";NULL;"sheerleycastle@gmail.com";"2998499290101";"CC";"2023-12-18 11:56:40";"2023-12-18 11:56:40";"1";"F";"Zona 10 de villanueva";;NULL;NULL;"Dylan Alburez";"51599654";"Cónyuge";NULL;NULL;NULL;;;"O POSITIVO";"No";;"Tías paternas y maternas DM2";NULL;NULL;"1997-06-18";NULL;NULL;NULL;NULL;"0";"0";"0";"0";"0";"0";"0";"0";"1";"Fractura humero";NULL;"50231969043";;"Casado(a)";;"Secretaria";"Guatemalteca";NULL;NULL;NULL;"Urbana";NULL;"Sheerley";"Keyla Zahori";"Castillo";"Chinchilla";;"Profesional";;"502";"Si";"GT";;"Guatemala City";"Sheerley_2";"2";NULL;;NULL;"0";"2023-12-18";"2023-12-18";"1";"0";"0";;NULL;"0";NULL;"0";;;;NULL;NULL
"3";"1";"Christley  Vannessa Franco  Guzman";"57573985";NULL;"vannessa.franco@gmail.com";"1";"CC";"2023-12-18 14:12:01";"2023-12-18 14:12:01";"1";"F";"Zona 11";"57573985";NULL;NULL;;;;NULL;NULL;NULL;;;"O POSITIVO";"No";;"No refiere";NULL;NULL;"1988-11-04";NULL;NULL;NULL;NULL;"0";"0";"0";"0";"0";"0";"0";"0";"1";"Colecistectomia";NULL;"50257573985";;"Casado(a)";;"Abogada";"Guatemalteca";NULL;NULL;NULL;"Urbana";NULL;"Christley ";"Vannessa";"Franco ";"Guzman";;"Profesional";;"502";"Si";"GT";;"Guatemala City";"Christley _3";"3";NULL;;NULL;"0";"2022-03-18";"2023-11-15";"3";"0";"0";;NULL;"0";NULL;"0";;;;NULL;NULL
"4";"2";"Luisa  Fernanda Seija Ley";"59828909";NULL;"fernandaseijas795@gmail.com";"1";"CC";"2024-04-23 13:27:59";"2024-04-23 13:27:59";"1";"F";;"59828909";NULL;NULL;;;;NULL;NULL;NULL;;;;;;;NULL;NULL;"1992-01-15";NULL;NULL;NULL;NULL;"0";"0";"0";"0";"0";"0";"0";"0";"0";"Operación de valgus";NULL;"50259828909";;"Soltero(a)";;"Abogada";"Guatemalteca";NULL;NULL;NULL;"Urbana";NULL;"Luisa ";"Fernanda";"Seija";"Ley";;"Profesional";;"502";"Si";"GT";;"San Lucas Sacatepequez";"Luisa _4";"4";NULL;;NULL;"0";;;"0";"0";"0";"2024-04-23";NULL;"0";NULL;"0";;;;NULL;NULL
"5";"2";"Mabel  Elizabeth Enriquez Bravo";"57698163";NULL;"mabelebravo15@gmail.com";"2";"CC";"2024-04-23 14:46:45";"2024-04-23 14:46:45";"1";"F";"San Jose Pinula ";"57698163";NULL;NULL;"Jose Alberto Coyoy Rivera";;"Cónyuge";NULL;NULL;NULL;;;"O POSITIVO";;;"Padre diabetes
Hermano diabetes";NULL;NULL;"2000-02-26";NULL;NULL;NULL;NULL;"0";"0";"0";"0";"0";"0";"0";"0";"0";;NULL;"50257698163";;"Casado(a)";;"AMA de casa";"Guatemalteca";NULL;NULL;NULL;"Urbana";NULL;"Mabel ";"Elizabeth";"Enriquez";"Bravo";;"Basica Secundaria (Bachillerato Basico)";;"502";"Si";"GT";;"Guatemala City";"Mabel _5";"5";NULL;;NULL;"0";"2022-02-24";"2024-04-23";"1";"0";"0";"2024-04-23";NULL;"0";NULL;"0";;;;NULL;NULL
"6";"1";"María Alejandra Catalan Navas";"54603985";NULL;"mariialejandra.catalannavas@gmail.com";"200624";"CC";"2024-06-20 11:12:04";"2024-06-20 11:12:04";"1";"F";"zona 2";"54603985";NULL;NULL;;;;NULL;NULL;NULL;;"penicilina";"O POSITIVO";"Si";"daniele acos";"madre dm2, enfermedad poliquistica de la mama y sop
abuela materna ca de ovarios y utero";NULL;NULL;"2003-06-13";NULL;NULL;NULL;NULL;"0";"0";"0";"0";"0";"0";"0";"1";"1";"minilipo
";NULL;"50254603985";;"Soltero(a)";;"estudiante";"guatemalteca";NULL;NULL;NULL;"Urbana";NULL;"María";"Alejandra";"Catalan";"Navas";;"Profesional";;"502";"Si";"GT";;"Guatemala City";"María_6";"6";NULL;;NULL;"0";;"2024-06-13";"0";"0";"0";;NULL;"0";NULL;"0";;;;NULL;NULL
"7";"1";"ANA  JULIA GONZALEZ LOPEZ";"57605224";NULL;"anajulia.gonzalez1@gmail.com";"09072024";"CC";"2024-07-09 10:39:52";"2024-07-09 10:39:52";"1";"F";"SAN JOSE PINULA RESIDENCIALES SAN JOSE LAS FUENTES 2 ZONA 2";"57605224 y 56241110";NULL;NULL;;;;NULL;NULL;NULL;;;"O POSITIVO";"No";;"madre CA DE ESTOMAGO
HERMANA CA DE ESTOMAGO
HERMANA DM2";NULL;NULL;"1981-01-06";NULL;NULL;NULL;NULL;"0";"0";"0";"0";"1";"1";"0";"0";"1";"hipertiroidismo tapazol no toma
2 cesarea y apendicectomia";NULL;"50257605224";;"Soltero(a)";;"ama de casa";"GUATEMALTECA";NULL;NULL;NULL;"Urbana";NULL;"ANA ";"JULIA";"GONZALEZ";"LOPEZ";;"Basica Secundaria (Bachillerato Basico)";;"502";"Si";"GT";;"San Jose Pinula";"ANA _7";"7";NULL;;NULL;"0";"2018-01-17";"2024-06-23";"4";"0";"0";"2024-07-09";NULL;"0";NULL;"0";;;;NULL;NULL
"8";"1";"IRIS D´�?ANE SIMONE MAYEN SOSA";"50106235";NULL;"maydyane@gmail.com";"110724";"CD";"2024-07-11 17:02:58";"2024-07-11 17:02:58";"1";"F";"MIXCO ZONA 7";"47355835";NULL;NULL;;;;NULL;NULL;NULL;;"sulfas y penicilinas";;;"no";"PADRE PREDIABETES FALLECIO DE CORONAVIRUS
MADRE HIPOTIROIDISMO
ABUELA PATERNA DM2";NULL;NULL;"1993-05-12";NULL;NULL;NULL;NULL;"0";"0";"0";"0";"0";"0";"0";"1";"0";;NULL;"50250106235";;"Union Libre";;"comerciantes";"GUATEMALTECA";NULL;NULL;NULL;"Urbana";NULL;"IRIS";"D´�?ANE SIMONE";"MAYEN";"SOSA";;;;"502";"Si";"GT";;"Mixco";"IRIS_8";"8";NULL;;NULL;"0";"2017-06-14";"2024-06-26";"0";"0";"0";"2024-07-11";NULL;"0";NULL;"0";;;;NULL;NULL
"9";"1";"MARIA  ISABEL ZENTENO ROLDAN";"52079929";NULL;"isabelzenteno7@gmail.com";"24072024";"CC";"2024-07-24 12:18:42";"2024-07-24 12:18:42";"1";"F";"ZONA 16";"52079929";NULL;NULL;;;;NULL;NULL;NULL;;;;;;"ABUELO PATERNO DM2
ABUELA MATERNA PREDIABETES
ABUELO MATERNO HTA";NULL;NULL;"2000-03-27";NULL;NULL;NULL;NULL;"0";"0";"0";"0";"0";"0";"0";"0";"1";"apendicectomia hace 15 años
uretroplastia hace 20 años";NULL;"50252079929";;"Soltero(a)";;"tecnico de investigacion y desarrollo";"GUATEMALTECA";NULL;NULL;NULL;"Urbana";NULL;"MARIA ";"ISABEL";"ZENTENO";"ROLDAN";;"Profesional";;"502";"Si";"GT";;"Guatemala City";"MARIA _9";"9";NULL;;NULL;"0";;"2024-07-10";"0";"0";"0";"2024-07-24";NULL;"0";NULL;"0";;;;NULL;NULL
"10";"1";"HELEN PAOLA GUZMAN MARTINEZ";"48058402";NULL;"helenpaola26@gmail.com";"24072024A";"CC";"2024-07-24 13:00:16";"2024-07-24 13:00:16";"1";"F";"ZONA 4  MIXCO";"48058402";NULL;NULL;;;;NULL;NULL;NULL;;;;;;;NULL;NULL;"1990-07-18";NULL;NULL;NULL;NULL;"0";"0";"0";"0";"0";"0";"0";"0";"0";"cesarea";NULL;"50248058402";;"Casado(a)";;"perito en administracion";"GUATEMALTECA";NULL;NULL;NULL;"Urbana";NULL;"HELEN";"PAOLA";"GUZMAN";"MARTINEZ";;"Media Tecnica (Bachillerato Tecnico)";;"502";"Si";"GT";;"Guatemala City";"HELEN_10";"10";NULL;;NULL;"0";"2020-10-01";"2024-07-03";"1";"0";"0";"2024-07-24";NULL;"0";NULL;"0";;;;NULL;NULL
"11";"1";"CINDY DANIELA XIMENA JUAREZ CASTILLO";"558664572";NULL;"cindyjuarez2005@gmail.com";"24072024B";"CC";"2024-07-24 15:48:39";"2024-07-24 15:48:39";"1";"F";"COLONIA LA REFORMITA";"558664572";NULL;NULL;;;;NULL;NULL;NULL;;;;;;"ABUELA MATERNA HTA Y FALLECIO DE CA DE ESTOMAGO
ABUELA PATERNA HTA";NULL;NULL;"2005-11-16";NULL;NULL;NULL;NULL;"0";"0";"0";"0";"0";"0";"0";"0";"0";"APENDICECTOMIA";NULL;"502558664572";;"Soltero(a)";;"diseño grafico";"GUATEMALTECA";NULL;NULL;NULL;"Urbana";NULL;"CINDY";"DANIELA XIMENA";"JUAREZ";"CASTILLO";;"Media Tecnica (Bachillerato Tecnico)";;"502";"Si";"GT";;"Guatemala City";"CINDY_11";"11";NULL;;NULL;"0";;"2024-06-07";;"0";"0";"2024-07-24";NULL;"0";NULL;"0";;;;NULL;NULL
"12";"1";"ANDREA AMARILIS LIMA  RODAS";"53892007";NULL;"limarandrea02@gmail.com";"25072024";"CC";"2024-07-25 12:19:25";"2024-07-25 12:19:25";"1";"F";"ZONA 4 DE MIXCO";"53892007";NULL;NULL;;;;NULL;NULL;NULL;;;;;"vitaminas";"ABUELO MATERNO DM2 Y HTA
ABUELO PATERNO DM2";NULL;NULL;"1997-09-12";NULL;NULL;NULL;NULL;"0";"0";"0";"0";"0";"0";"0";"0";"1";"rinoplastia y lipoma";NULL;"50253892007";;"Casado(a)";;"derecho";"GUATEMALA";NULL;NULL;NULL;"Urbana";NULL;"ANDREA";"AMARILIS";"LIMA ";"RODAS";;"Profesional";;"502";"Si";"GT";;"Guatemala City";"ANDREA_12";"12";NULL;;NULL;"0";;"2024-07-14";;"0";"0";"2024-07-25";NULL;"0";NULL;"0";;;;NULL;NULL
"13";"1";"RUTH MADAI JIMENEZ PEREZ";"45684925";NULL;"jruth8031@gmail.com";"25072024A";"CC";"2024-07-25 13:07:18";"2024-07-25 13:07:18";"1";"F";"ZONA 14";"45684925";NULL;NULL;;;;NULL;NULL;NULL;;;;;;;NULL;NULL;"1999-05-15";NULL;NULL;NULL;NULL;"0";"0";"0";"0";"0";"0";"0";"0";"1";"2 cesareas
embarazo ectopico";NULL;"50245684925";;"Casado(a)";;"enfermera auxiliar";"GUATEMALTECA";NULL;NULL;NULL;"Urbana";NULL;"RUTH";"MADAI";"JIMENEZ";"PEREZ";;"Basica Primaria";;"502";"Si";"GT";;"Guatemala City";"RUTH_13";"13";NULL;;NULL;"0";"2017-08-11";"2024-06-12";"5";"0";"0";"2024-07-25";NULL;"0";NULL;"0";;;;NULL;NULL
"14";"1";"GRISLEY RACHANE MORA CENTENO";"37623877";NULL;"moracenteno1310@gmail.com";"25072024B";"CC";"2024-07-25 13:58:27";"2024-07-25 13:58:27";"1";"F";"CAES";"37623877";NULL;NULL;;;;NULL;NULL;NULL;;;;;;;NULL;NULL;"2001-10-13";NULL;NULL;NULL;NULL;"0";"0";"0";"0";"0";"0";"0";"0";"1";"APENDICECTOMIA";NULL;"50237623877";;"Casado(a)";;"ANFITRIONA DE VENTAS";"COSTARRICENSE";NULL;NULL;NULL;"Urbana";NULL;"GRISLEY";"RACHANE";"MORA";"CENTENO";;"Media Academica o Clasica (Bachillerato Basico)";;"502";"Si";"GT";;"Santa Elena Barillas";"GRISLEY_14";"14";NULL;;NULL;"0";;"2024-07-20";"0";"0";"0";"2024-07-25";NULL;"0";NULL;"0";;;;NULL;NULL
"15";"1";"KATERIN ANDREA NIETO CHUN";"37761288";NULL;"kchun6347@gmail.com";"01082024";"CC";"2024-08-01 11:09:40";"2024-08-01 11:09:40";"1";"F";"ZONA 21 SN JUAN DE LOS ENCINOS";"37761288";NULL;NULL;;;;NULL;NULL;NULL;;"PENICILINA";;;;"MADRE HTA";NULL;NULL;"2004-02-25";NULL;NULL;NULL;NULL;"0";"1";"0";"0";"0";"0";"0";"0";"0";;NULL;"50237761288";;"Soltero(a)";;"bachillerato en construccion";;NULL;NULL;NULL;"Urbana";NULL;"KATERIN";"ANDREA";"NIETO";"CHUN";;"Media Tecnica (Bachillerato Tecnico)";;"502";"Si";"GT";;"Guatemala City";"KATERIN_15";"15";NULL;;NULL;"0";;"2024-07-27";"0";"0";"0";"2024-08-01";NULL;"0";NULL;"0";;;;NULL;NULL
"16";"1";"SONIA YOLANDA OLIVA ";"55584444";NULL;"sol.oliva2202@gmail.com";"01082024B";"CC";"2024-10-15 13:19:05";"2024-08-01 13:57:12";"1";"F";"ZONA 11";"55584444";NULL;NULL;;;;NULL;NULL;NULL;;"ALERGIA A LAS SULFAS";;;;"MADRE ENFISEMA PULMONAR
";NULL;NULL;"1952-05-22";NULL;NULL;NULL;NULL;"0";"0";"0";"0";"0";"0";"0";"1";"1";"CA DE CERVIX HACE 34 AÑOS";NULL;"50255584444";;"Soltero(a)";;"ADMINISTRADORA DE EMPRESAS";"GUATEMALTECA";NULL;NULL;NULL;"Urbana";NULL;"SONIA";"YOLANDA";"OLIVA";;;"Profesional";;"502";"Si";"GT";;"Guatemala City";"SONIA_16";"16";NULL;;NULL;"0";"1975-02-08";"1990-08-01";"2";"0";"0";"2024-08-01";NULL;"0";NULL;"0";;;;NULL;NULL
"17";"1";"ITZEL EVODIA VARGAS CORTES";"37647878";NULL;"vargas.itzel18@gmail.com";"01082024C";"CC";"2024-08-01 14:49:29";"2024-08-01 14:49:29";"1";"F";"TRACY FLORIDA";"2096370000";NULL;NULL;"EDGAR NOE PEREZ HERNANDEZ";;;NULL;NULL;NULL;;;;;;"MADRE HTA Y PREDIABETES
PADRE PREDIABETES
TIA Y PRIMA PATERNA CA DE MAMA";NULL;NULL;"1993-05-18";NULL;NULL;NULL;NULL;"0";"0";"0";"0";"0";"0";"0";"0";"0";"1  CESAREA
COLECISTECTOMIA";NULL;"50237647878";;"Casado(a)";;"MAESTRA DE HIGHSCHOOL";"MEXICANA";NULL;NULL;NULL;"Urbana";NULL;"ITZEL";"EVODIA";"VARGAS";"CORTES";;"Profesional";;"502";"Si";"US";;"Tracy City";"ITZEL_17";"17";NULL;;NULL;"0";"2017-10-12";"2024-06-20";"0";"0";"0";"2024-08-01";NULL;"0";NULL;"0";;;;NULL;NULL
"18";"1";"MINDY EUNICE ESTRADA DIAZ";"40479005";NULL;"mindyestrada261@gmail.com";"26122000";"CC";"2024-08-08 14:11:17";"2024-08-08 14:11:17";"1";"F";"ZONA 18 RESIDENCIAL BUENA VISTA";"40479005";NULL;NULL;;;;NULL;NULL;NULL;;;;;;"MADRE HTA
ABUELA PATERNA CA DE CERVIX
ABUELA MATERNA CA DE PULMON";NULL;NULL;"2000-12-26";NULL;NULL;NULL;NULL;"0";"0";"0";"0";"0";"0";"0";"0";"1";"colecistectomia";NULL;"50240479005";;"Soltero(a)";;;"GUATEMALTECA";NULL;NULL;NULL;"Urbana";NULL;"MINDY";"EUNICE";"ESTRADA";"DIAZ";;;;"502";"Si";"GT";;"Guatemala City";"MINDY_18";"18";NULL;;NULL;"0";;"2024-07-26";"0";"0";"0";"2024-08-08";NULL;"0";NULL;"0";;;;NULL;NULL
