"cliente_id";"usuario_id";"nombre_cliente";"celular_cliente";"ciudad_cliente";"correo_cliente";"DNI";"CODI_CLIENTE";"tipo_cliente";"fechar";"fecha_actualizado";"activo";"genero";"direccion_cliente";"telefono_cliente";"edad_cliente";"profesion_cliente";"acompananteFamiliar";"telefono_acompanante";"parentesco_acompanante";"antecedentes";"entidadSalud";"seguro";"nota";"alergias";"tiposSangre";"esDonante";"tomaMedicamento";"enfermedadesPequeno";"fotoperfil";"motivoConsulta";"fechaNacimiento";"peso";"altura";"imc";"ComposicionCorporal";"ap1";"ap2";"ap3";"ap4";"ap5";"ap6";"ap7";"ap8";"ap9";"cirugiasCuales";"cirugiasOtros";"whatsapp";"tipoUsuario";"estado";"sucursal";"ocupacion";"wts2";"wts3";"area";"acumCliente";"DateM";"nit"
"20";"1";"AIDA  VASQUEZ     ";;;"sevillaalex806@gmail.com";;"0106845860";;"2023-08-23 16:14:17";"2023-08-23 16:14:17";"1";;"AVENIDA DE LAS AMERICAS     ";;;;;;;"antecedentes";;;;;;;;;NULL;;;"0";"0";"0";"no determinado";"0";"0";"0";"0";"0";"0";"0";"0";"0";;;"593992914128";;"LETRERO";"0";;"5930994841962";;"1";"1";"23/8/2023T16:1:51";NULL
"21";"2";"ANDREA  PAOLA AGUIRRE PONCE  ";;;"andreita_ponce333@hotmail.com";;"0104129903";;"2023-08-23 16:14:19";"2023-08-23 16:14:19";"1";;"MUTUALISTA AZUAY 2  ";;;;;;;"antecedentes";;;;;;;;;NULL;;;"0";"0";"0";"no determinado";"0";"0";"0";"0";"0";"0";"0";"0";"0";;;"0988238632";;"LETRERO";"0";;"0999735569";;"0";"2";"23/8/2023T16:7:18";NULL
"22";"2";"Ruth Lojano";;;;;"0101755593";;"2023-08-24 14:05:43";"2023-08-24 14:05:43";"1";;"Cumaná 558 y Pasacalle   ";;;;;;;"antecedentes";;;;;;;;;NULL;;;"0";"0";"0";"no determinado";"0";"0";"0";"0";"0";"0";"0";"0";"0";;;"0987578511";;"Letrero";"0";;"593";;"0";"3";"24/8/2023T13:59:27";NULL
"23";"1";"NELLY CHIMBO";;;"nelly88_@hotmail.com.ar";;"0103752226";;"2023-11-28 11:10:03";"2023-11-28 11:10:03";"1";;"Racar ";"07";;;;;;;;;;;;;;;NULL;;;"0";"0";"0";"no determinado";"0";"0";"0";"0";"0";"0";"0";"0";"0";;;"5930989615901";;"Andrea Flor";"0";;"592";"07";"0";"4";"28/11/2023T11:8:0";NULL
"24";"2";"ARACELY CAMPOVERDE ";;;"antonio.Magliaro@gmail.com";;"0702956129";;"2023-12-21 07:23:53";"2023-12-21 07:23:53";"1";;"PASAJE ";;;;;;;"antecedentes";;;;;;;;;NULL;;;"0";"0";"0";"no determinado";"0";"0";"0";"0";"0";"0";"0";"0";"0";;;"593986102403";;"CLINICA VET-VINYO";"0";;;;"0";"5";"21/12/2023T7:20:18";NULL
"25";"2";"FANNY CONDO      ";;;"gilbertobritotil@gmail.com";;"1900459791";;"2024-02-10 10:26:52";"2024-02-10 10:26:52";"1";;"VICENTE MIDEROS     ";;;;;;;"antecedentes";;;;;;;;;NULL;;;"0";"0";"0";"no determinado";"0";"0";"0";"0";"0";"0";"0";"0";"0";;;"0980975099";;"ES CLIENTE ";"0";;"0958623911";;"1";"6";"10/2/2024T10:22:10";NULL
"26";"1";"Prueba cliente";;;"mail@mail.com";;"12345";;"2024-03-12 10:18:43";"2024-03-12 10:18:43";"1";;"dfgf";"07";;;;;;;;;;;;;;;NULL;;;"0";"0";"0";"no determinado";"0";"0";"0";"0";"0";"0";"0";"0";"0";;;"17862692193";;;"0";;"593";"07";"0";"7";"12/3/2024T10:18:23";NULL
"27";"1";"LIC. DAVID TAPIA   ";;;"davtapia85@yahoo.es";;"0301863452";;"2024-03-20 13:57:32";"2024-03-20 13:57:32";"1";;"LOS TRIGALES   ";;;;;;;"antecedentes";;;;;;;;;NULL;;;"0";"0";"0";"no determinado";"0";"0";"0";"0";"0";"0";"0";"0";"0";;;"593992707992";;"DR.  EDGAR SIGUENZA";"0";;"593";;"1";"8";"20/3/2024T13:56:50";NULL
"28";"2";"MAYRA DOMINGUEZ ";;;"mayra.alexandra154@hotmail.com";;"0105282610";;"2024-03-22 15:14:43";"2024-03-22 15:14:43";"1";;"AV TURUHUAICO Y BOCINA ";;;;;;;"antecedentes";;;;;;;;;NULL;;;"0";"0";"0";"no determinado";"0";"0";"0";"0";"0";"0";"0";"0";"0";;;"5930985690546";;"Sandra Lazo";"0";;"593";;"1";"9";"22/3/2024T15:12:48";NULL
"29";"2";"HENRY SANTOS";;;"distribuidorapedrohs@hotmail.com";;"0104148507";;"2024-03-22 15:56:26";"2024-03-22 15:56:26";"1";;"CALLE DEL MIGRANTE";"07";;;;;;;;;;;;;;;NULL;;;"0";"0";"0";"no determinado";"0";"0";"0";"0";"0";"0";"0";"0";"0";;;"59395786491";;;"0";;"593";"07";"1";"10";"22/3/2024T15:54:0";NULL
"30";"2";"SAMANTHA ORTIZ ";;;"1409adrianalopez@gmail.com";;"0105682975";;"2024-03-22 18:06:58";"2024-03-22 18:06:58";"1";;"EUGENIO ESPEJO Y JAVIER LOYOLA ";;;;;;;"antecedentes";;;;;;;;;NULL;;;"0";"0";"0";"no determinado";"0";"0";"0";"0";"0";"0";"0";"0";"0";;;"5930998683263";;"LETRERO";"0";;"5930999862223";;"1";"11";"22/3/2024T18:4:22";NULL
"31";"2";"JONNATHAN MAURICIO SARMIENTO CARPIO";;;"jonnathan.90sc@hotmail.com";;"0105779029";;"2024-03-27 14:51:09";"2024-03-27 14:51:09";"1";;"VIA A MIRAFLORES PITIMAS Y ROSERO";"074117371";;;;;;;;;;;;;;;NULL;;;"0";"0";"0";"no determinado";"0";"0";"0";"0";"0";"0";"0";"0";"0";;;"5930984937773";;"Redes sociales";"0";;"593";"07";"1";"12";"27/3/2024T14:47:50";NULL
"32";"2";"DAVID RUIZ/ ROSA GUARTATANGA ";;;"rosaeloisa2701@hotmail.com";;"0101893899";;"2024-03-27 20:41:49";"2024-03-27 20:41:49";"1";;"CAMINO DEL TEJAR Y LOS CEDROS ";;;;;;;"antecedentes";;;;;;;;;NULL;;;"0";"0";"0";"no determinado";"0";"0";"0";"0";"0";"0";"0";"0";"0";;;"5930998815696";;"letrero";"0";;"593";;"1";"13";"27/3/2024T20:17:11";NULL
"33";"2";"JUAN PABLO CORNEJO";;;"jpcornejovillegas@gmail.com";;"0106484695";;"2024-03-27 20:43:55";"2024-03-27 20:43:55";"1";;"EUGENIO ESPEJO Y GENERAL TORRES";"07";;;;;;;;;;;;;;;NULL;;;"0";"0";"0";"no determinado";"0";"0";"0";"0";"0";"0";"0";"0";"0";;;"5930983342502";;"LETRERO";"0";;"593";"07";"1";"14";"27/3/2024T20:42:9";NULL
"34";"2";"VIVIANA VELEZ ";;;"vivianavelez1095@gmail.com";;"0104775200";;"2024-03-29 19:57:24";"2024-03-29 19:57:24";"1";;"PIO BRAVO Y GENERAL TORRES ";;;;;;;"antecedentes";;;;;;;;;NULL;;;"0";"0";"0";"no determinado";"0";"0";"0";"0";"0";"0";"0";"0";"0";;;"5930963302173";;"-";"0";;"593";;"0";"15";"29/3/2024T19:54:38";NULL
"35";"2";"BERTHA VANEGAS";;;"vberthaisabel@yahoo.com ";;"0100936046";;"2024-06-17 15:57:41";"2024-06-17 15:57:41";"1";;"RAFAEL MARIA ARIZAGA 7-97   ";;;;;;;"antecedentes";;;;;;;;;NULL;;;"0";"0";"0";"no determinado";"0";"0";"0";"0";"0";"0";"0";"0";"0";;;"5930985648454";;"Radio Tomebamba";"0";;"593";;"0";"16";"17/6/2024T15:55:33";NULL
"36";"2";"HERNESTO PE&Ntilde;A";;;"hernesttto@hotmail.com";;"0102368826";;"2024-06-18 18:21:33";"2024-06-18 18:21:33";"1";;"SALAZAR LOZANO";"07";;;;;;;;;;;;;;;NULL;;;"0";"0";"0";"no determinado";"0";"0";"0";"0";"0";"0";"0";"0";"0";;;"5930980958875";;"AMIGO";"0";;"593";"07";"0";"17";"18/6/2024T18:18:24";NULL
"37";"2";"GUERMAN PIEDRA ";;;;;"0101891273";;"2024-07-02 12:04:58";"2024-07-02 12:04:58";"1";;"AUTOPISTA - SAYAUSI K4/2 CALLE GENGIBRE ";;;;;;;"antecedentes";;;;;;;;;NULL;;;"0";"0";"0";"no determinado";"0";"0";"0";"0";"0";"0";"0";"0";"0";;;"593994136286";;"ES CLIENTE ";"0";;"593999609749";;"0";"18";"2/7/2024T11:59:4";NULL
"38";"2";"GLADIS JUEZ   ";;;"GLACE3105@gmail.com";;"0958930779";;"2024-07-08 11:20:14";"2024-07-08 11:20:14";"1";;"PIO BRAVO Y LUIS CORDERO   ";;;;;;;"antecedentes";;;;;;;;;NULL;;;"0";"0";"0";"no determinado";"0";"0";"0";"0";"0";"0";"0";"0";"0";;;"593958930779";;"INGRESO CON OTRA PACIENTE";"0";;"593";;"0";"19";"8/7/2024T11:21:5";NULL
