"cliente_id";"usuario_id";"nombre_cliente";"celular_cliente";"ciudad_cliente";"correo_cliente";"CODI_CLIENTE";"tipo_cliente";"fechar";"fecha_actualizado";"activo";"genero";"direccion_cliente";"telefono_cliente";"edad_cliente";"profesion_cliente";"acompananteFamiliar";"telefono_acompanante";"parentesco_acompanante";"antecedentes";"entidadSalud";"seguro";"nota";"alergias";"tiposSangre";"esDonante";"tomaMedicamento";"enfermedadesPequeno";"fotoperfil";"motivoConsulta";"fechaNacimiento";"peso";"altura";"imc";"ComposicionCorporal";"ap1";"ap2";"ap3";"ap4";"ap5";"ap6";"ap7";"ap8";"ap9";"cirugiasCuales";"cirugiasOtros";"whatsapp";"tipoUsuario";"estado";"sucursal";"ocupacion";"nacionalidad";"cod_entidad";"nombre";"apellido";"zona";"asignar";"primer_nombre";"segundo_nombre";"primer_apellido";"segundo_apellido";"genero_asignado";"nivel_educacion";"prepagada";"indicativo";"habeasdata";"codigo_pais";"codigo_departamento";"codigo_ciudad";"Usuario_Web";"Clave_Web";"cod_validacion";"entidad_id";"convenio_id";"Sindrome_Down";"Fecha_Ultimo_Parto";"Fecha_Ultima_Mestruacion";"Numero_Embarazos";"Puntos";"Referido"
"1";"1";"ROGER  QUIÑONES HINESTROZA";"573226602364";;"ROGERQH96@GMAIL.COM";"1076386514";"CC";"2024-10-02 18:42:46";"2022-12-02 02:19:35";"1";"M";;"3226602364";;;;;;"antecedentes";NULL;;;"   ";"O POSITIVO";"Si";"   ";;NULL;;"1996-09-29";"0";"0";"0";"no determinado";"0";"0";"0";"0";"0";"0";"0";"0";"0";;"   ";"573226602364";"Contributivo";"Soltero(a)";;;;;NULL;;"Urbana";;"ROGER";;"QUIÑONES";"HINESTROZA";"Masculino";"Profesional";;"57";"Si";"CO";"27";"7671";;"0";NULL;;NULL;"0";;;;"0";"0"
"2";"1";"MARIA  ELENA JORDAN DE  SANCHEZ";"3134057946";;;"26326438";"CC";"2022-12-07 14:51:01";"2022-12-07 19:51:01";"1";"F";"B/HEROES ";;;;;;;"antecedentes";NULL;;;" NIEGA ";;;" LOSARTAN, HIDROCLOROTIAZIDA ";;NULL;;"1925-12-07";"0";"0";"0";"no determinado";"0";"0";"0";"0";"0";"0";"0";"0";"0";NULL;" ";"573226602364";;"Viudo(a)";;;"COLOMBIANA";;NULL;;"Urbana";;"MARIA ";"ELENA";"JORDAN DE ";"SANCHEZ";"Femenino";;;"57";"Si";"CO";"27";"7671";;"0";NULL;NULL;NULL;"0";NULL;NULL;NULL;"0";"0"
"4";"1";"prueba maury puente prueba";"57";;;"5444444";"PA";"2023-08-29 15:09:33";"2022-12-09 16:29:45";"1";"F";;;;;;;;;;;;;;"Si";;;NULL;;"2003-07-20";"0";"0";"0";"no determinado";"0";"0";"0";"0";"0";"0";"0";"0";"0";;;"573178614238";;"Union Libre";;;;;"prueba maury";"puente prueba";"Urbana";;"prueba";"maury";"puente";"prueba";"Femenino";;;"57";"Si";"CO";"11";"7236";;"0";NULL;;NULL;"0";;;;"0";"0"
"5";"1";"Prueba   Entidad ";;;;"1";"TI";"2023-01-10 02:48:07";"2023-01-10 07:48:07";"1";"M";;;;;;;;"antecedentes";;;;"  ";"No definido";"Si";"  ";;NULL;;"2023-01-10";"0";"0";"0";"no determinado";"0";"0";"0";"0";"0";"0";"0";"0";"0";;"  ";"573028597604";;"Casado(a)";;;;;"Prueba  ";;"Rural";;"Prueba ";;"Entidad";;"Masculino";;;"57";"Si";"VE";;"Acarigua";;"0";NULL;"1";"1";"0";NULL;NULL;NULL;"0";"0"
"6";"1";"NHORHAILIX  PEÑA  ";"573146535641";;;"1076328100";"CC";"2023-02-24 10:09:43";"2023-02-24 15:09:43";"1";"F";;;;;;;;"antecedentes";NULL;;;" ";;;" ";;NULL;;"1992-02-03";"0";"0";"0";"no determinado";"0";"0";"0";"0";"0";"0";"0";"0";"0";NULL;" ";"573146535641";;;;;;;NULL;;;;"NHORHAILIX";;"PEÑA ";;"Masculino";;;"57";"Si";;;;;"0";NULL;NULL;NULL;"0";NULL;NULL;NULL;"0";"0"
"7";"1";"ERIKA  ANDRADE ";"573103954749";;;"1076383899";"CC";"2023-02-24 10:58:22";"2023-02-24 15:58:22";"1";"F";;;;;;;;"antecedentes";NULL;;;" ";;;" ";;NULL;;"1992-04-21";"0";"0";"0";"no determinado";"0";"0";"0";"0";"0";"0";"0";"0";"0";NULL;" ";"573103954749";;;;;"COLOMBIANA";;NULL;;;;"ERIKA";;"ANDRADE";;"Femenino";;;"57";"Si";;;;;"0";NULL;NULL;NULL;"0";NULL;NULL;NULL;"0";"0"
"8";"1";"YULAY  HIDALGO    BENITEZ";"573178614238";;"yulayhb@gmail.com";"1076820667";"CC";"2024-03-15 23:58:51";"2023-03-01 17:22:26";"1";"F";;"3178614238";;;;;;"antecedentes";NULL;;;" ";;;" ";;NULL;;"1992-03-17";"0";"0";"0";"no determinado";"0";"0";"0";"0";"0";"0";"0";"0";"0";;" ";"573178614238";;"Soltero(a)";;;;;NULL;;"Urbana";;"YULAY";;"HIDALGO  ";" BENITEZ";"Femenino";;;"57";"Si";"CO";"27";"7671";;"0";NULL;;NULL;"0";;;;"0";"0"
"9";"1";"yulay hidalgo";"573178614238";NULL;"yulayhb@gmail.com";"1076820667";"CC";"2023-03-01 12:22:41";"2023-03-01 17:22:41";"1";"F";NULL;NULL;NULL;NULL;NULL;NULL;NULL;NULL;NULL;NULL;NULL;NULL;NULL;NULL;NULL;NULL;NULL;NULL;"1992-03-17";NULL;NULL;NULL;NULL;"0";"0";"0";"0";"0";"0";"0";"0";"0";NULL;NULL;"573178614238";NULL;NULL;;NULL;NULL;NULL;NULL;NULL;NULL;NULL;"yulay";;"hidalgo";;;;;"57";;;;;;"0";NULL;NULL;NULL;"0";NULL;NULL;NULL;"0";"0"
"10";"1";"ARELYS  HURTADO";"573217204976";NULL;;"31580100";"CC";"2023-03-02 19:53:08";"2023-03-03 00:53:08";"1";"F";NULL;NULL;NULL;NULL;NULL;NULL;NULL;NULL;NULL;NULL;NULL;NULL;NULL;NULL;NULL;NULL;NULL;NULL;"1979-09-26";NULL;NULL;NULL;NULL;"0";"0";"0";"0";"0";"0";"0";"0";"0";NULL;NULL;"573217204976";NULL;NULL;;NULL;NULL;NULL;NULL;NULL;NULL;NULL;"ARELYS ";;"HURTADO";;;;;"57";;;;;;"0";NULL;NULL;NULL;"0";NULL;NULL;NULL;"0";"0"
"11";"1";"YENICE  TORRES  ASPRILLA";"573126866587";NULL;"yuselfi1040@hotmail.com";"35697636";"CC";"2023-03-02 19:57:16";"2023-03-03 00:57:16";"1";"F";NULL;NULL;NULL;NULL;NULL;NULL;NULL;NULL;NULL;NULL;NULL;NULL;NULL;NULL;NULL;NULL;NULL;NULL;"1984-04-09";NULL;NULL;NULL;NULL;"0";"0";"0";"0";"0";"0";"0";"0";"0";NULL;NULL;"573126866587";NULL;NULL;;NULL;NULL;NULL;NULL;NULL;NULL;NULL;"YENICE ";;"TORRES  ASPRILLA";;;;;"57";;;;;;"0";NULL;NULL;NULL;"0";NULL;NULL;NULL;"0";"0"
"12";"1";"LEIBIS HURTADO   MOSQUERA";"573126589788";NULL;"leibishurtado19@gmail.com";"1003888789";"CC";"2023-03-02 20:00:00";"2023-03-03 01:00:00";"1";"F";NULL;NULL;NULL;NULL;NULL;NULL;NULL;NULL;NULL;NULL;NULL;NULL;NULL;NULL;NULL;NULL;NULL;NULL;"1999-01-17";NULL;NULL;NULL;NULL;"0";"0";"0";"0";"0";"0";"0";"0";"0";NULL;NULL;"573126589788";NULL;NULL;;NULL;NULL;NULL;NULL;NULL;NULL;NULL;"LEIBIS";;"HURTADO   MOSQUERA";;;;;"57";;;;;;"0";NULL;NULL;NULL;"0";NULL;NULL;NULL;"0";"0"
"13";"1";"KAREN  YARCE   AGUDELO";"573108321897";NULL;;"1038110005";"CC";"2023-03-02 20:01:57";"2023-03-03 01:01:57";"1";"F";NULL;NULL;NULL;NULL;NULL;NULL;NULL;NULL;NULL;NULL;NULL;NULL;NULL;NULL;NULL;NULL;NULL;NULL;"1989-09-02";NULL;NULL;NULL;NULL;"0";"0";"0";"0";"0";"0";"0";"0";"0";NULL;NULL;"573108321897";NULL;NULL;;NULL;NULL;NULL;NULL;NULL;NULL;NULL;"KAREN ";;"YARCE   AGUDELO";;;;;"57";;;;;;"0";NULL;NULL;NULL;"0";NULL;NULL;NULL;"0";"0"
"14";"1";"SHEICY  HIDALGO   BENITEZ";"573219930048";NULL;"shehibe096@gmail.com";"1077470374";"CC";"2023-03-02 20:04:19";"2023-03-03 01:04:19";"1";"F";NULL;NULL;NULL;NULL;NULL;NULL;NULL;NULL;NULL;NULL;NULL;NULL;NULL;NULL;NULL;NULL;NULL;NULL;"1996-02-09";NULL;NULL;NULL;NULL;"0";"0";"0";"0";"0";"0";"0";"0";"0";NULL;NULL;"573219930048";NULL;NULL;;NULL;NULL;NULL;NULL;NULL;NULL;NULL;"SHEICY ";;"HIDALGO   BENITEZ";;;;;"57";;;;;;"0";NULL;NULL;NULL;"0";NULL;NULL;NULL;"0";"0"
"15";"1";"LOREN  ASTRID CUESTA   COSSIO ";"573106112134";NULL;"lorencuesta02@gmail.com";"35820700";"CC";"2023-03-02 20:06:09";"2023-03-03 01:06:09";"1";"F";NULL;NULL;NULL;NULL;NULL;NULL;NULL;NULL;NULL;NULL;NULL;NULL;NULL;NULL;NULL;NULL;NULL;NULL;"1984-04-28";NULL;NULL;NULL;NULL;"0";"0";"0";"0";"0";"0";"0";"0";"0";NULL;NULL;"573106112134";NULL;NULL;;NULL;NULL;NULL;NULL;NULL;NULL;NULL;"LOREN  ASTRID";;"CUESTA   COSSIO ";;;;;"57";;;;;;"0";NULL;NULL;NULL;"0";NULL;NULL;NULL;"0";"0"
"16";"1";"MARIA   LILIAN  COPETE    ASPRILLA";"573146351550";NULL;;"43759540";"CC";"2023-03-02 20:23:25";"2023-03-03 01:23:25";"1";"F";NULL;NULL;NULL;NULL;NULL;NULL;NULL;NULL;NULL;NULL;NULL;NULL;NULL;NULL;NULL;NULL;NULL;NULL;"1974-08-27";NULL;NULL;NULL;NULL;"0";"0";"0";"0";"0";"0";"0";"0";"0";NULL;NULL;"573146351550";NULL;NULL;;NULL;NULL;NULL;NULL;NULL;NULL;NULL;"MARIA   LILIAN ";;"COPETE    ASPRILLA";;;;;"57";;;;;;"0";NULL;NULL;NULL;"0";NULL;NULL;NULL;"0";"0"
"17";"1";"VANESSA MALFITANO   CHAVERRA";"573146594474";NULL;"melypa79@hotmail.com";"0000000000";"CC";"2023-03-02 20:26:34";"2023-03-03 01:26:34";"1";"F";NULL;NULL;NULL;NULL;NULL;NULL;NULL;NULL;NULL;NULL;NULL;NULL;NULL;NULL;NULL;NULL;NULL;NULL;"1979-01-28";NULL;NULL;NULL;NULL;"0";"0";"0";"0";"0";"0";"0";"0";"0";NULL;NULL;"573146594474";NULL;NULL;;NULL;NULL;NULL;NULL;NULL;NULL;NULL;"VANESSA";;"MALFITANO   CHAVERRA";;;;;"57";;;;;;"0";NULL;NULL;NULL;"0";NULL;NULL;NULL;"0";"0"
"18";"1";"FLORALBA MURILLO";"573217893891";NULL;"flormuri17@gmail.com";"35851260";"CC";"2023-03-02 20:30:18";"2023-03-03 01:30:18";"1";"F";NULL;NULL;NULL;NULL;NULL;NULL;NULL;NULL;NULL;NULL;NULL;NULL;NULL;NULL;NULL;NULL;NULL;NULL;"1976-07-10";NULL;NULL;NULL;NULL;"0";"0";"0";"0";"0";"0";"0";"0";"0";NULL;NULL;"573217893891";NULL;NULL;;NULL;NULL;NULL;NULL;NULL;NULL;NULL;"FLORALBA";;"MURILLO";;;;;"57";;;;;;"0";NULL;NULL;NULL;"0";NULL;NULL;NULL;"0";"0"
"19";"1";"FRANNY   MARCELA   CUESTA";"573146931558";NULL;;"1003915325";"CC";"2023-03-02 20:33:26";"2023-03-03 01:33:26";"1";"F";NULL;NULL;NULL;NULL;NULL;NULL;NULL;NULL;NULL;NULL;NULL;NULL;NULL;NULL;NULL;NULL;NULL;NULL;"1998-07-19";NULL;NULL;NULL;NULL;"0";"0";"0";"0";"0";"0";"0";"0";"0";NULL;NULL;"573146931558";NULL;NULL;;NULL;NULL;NULL;NULL;NULL;NULL;NULL;"FRANNY   MARCELA  ";;"CUESTA";;;;;"57";;;;;;"0";NULL;NULL;NULL;"0";NULL;NULL;NULL;"0";"0"
"20";"1";"ALEJANDRA    PEÑA   MENA";"573106605541";NULL;"aleejameena@gmail.com";"00000002";"CC";"2023-03-02 20:36:29";"2023-03-03 01:36:29";"1";"F";NULL;NULL;NULL;NULL;NULL;NULL;NULL;NULL;NULL;NULL;NULL;NULL;NULL;NULL;NULL;NULL;NULL;NULL;"1997-06-27";NULL;NULL;NULL;NULL;"0";"0";"0";"0";"0";"0";"0";"0";"0";NULL;NULL;"573106605541";NULL;NULL;;NULL;NULL;NULL;NULL;NULL;NULL;NULL;"ALEJANDRA   ";;"PEÑA   MENA";;;;;"57";;;;;;"0";NULL;NULL;NULL;"0";NULL;NULL;NULL;"0";"0"
"21";"1";"FLOR  MURILLO";"573147356024";NULL;"flornmurillo@gmail.com";"1079096581";"CC";"2023-03-02 20:38:36";"2023-03-03 01:38:36";"1";"F";NULL;NULL;NULL;NULL;NULL;NULL;NULL;NULL;NULL;NULL;NULL;NULL;NULL;NULL;NULL;NULL;NULL;NULL;"1997-08-18";NULL;NULL;NULL;NULL;"0";"0";"0";"0";"0";"0";"0";"0";"0";NULL;NULL;"573147356024";NULL;NULL;;NULL;NULL;NULL;NULL;NULL;NULL;NULL;"FLOR ";;"MURILLO";;;;;"57";;;;;;"0";NULL;NULL;NULL;"0";NULL;NULL;NULL;"0";"0"
"22";"1";" DEINY  JOHANA  MOSQUERA";"573122090958";NULL;"deinyjohana1028@gmail.com";"35697587";"CC";"2023-03-03 07:19:26";"2023-03-03 12:19:26";"1";"F";NULL;NULL;NULL;NULL;NULL;NULL;NULL;NULL;NULL;NULL;NULL;NULL;NULL;NULL;NULL;NULL;NULL;NULL;"1984-10-28";NULL;NULL;NULL;NULL;"0";"0";"0";"0";"0";"0";"0";"0";"0";NULL;NULL;"573122090958";NULL;NULL;;NULL;NULL;NULL;NULL;NULL;NULL;NULL;" DEINY  JOHANA ";;"MOSQUERA";;;;;"57";;;;;;"0";NULL;NULL;NULL;"0";NULL;NULL;NULL;"0";"0"
"23";"1";"YURITZA   MILENA  LUNA    SANCHEZ";"573206914884";NULL;"lusanmile@gmail.com";"35852045";"CC";"2023-03-03 07:21:25";"2023-03-03 12:21:25";"1";;NULL;NULL;NULL;NULL;NULL;NULL;NULL;NULL;NULL;NULL;NULL;NULL;NULL;NULL;NULL;NULL;NULL;NULL;"1981-05-05";NULL;NULL;NULL;NULL;"0";"0";"0";"0";"0";"0";"0";"0";"0";NULL;NULL;"573206914884";NULL;NULL;;NULL;NULL;NULL;NULL;NULL;NULL;NULL;"YURITZA   MILENA ";;"LUNA    SANCHEZ";;;;;"57";;;;;;"0";NULL;NULL;NULL;"0";NULL;NULL;NULL;"0";"0"
"24";"1";"MERLIN  LEUDO";"573233201119";NULL;;"1076821031";"CC";"2023-03-03 19:09:47";"2023-03-04 00:09:47";"1";"F";NULL;NULL;NULL;NULL;NULL;NULL;NULL;NULL;NULL;NULL;NULL;NULL;NULL;NULL;NULL;NULL;NULL;NULL;"1991-12-02";NULL;NULL;NULL;NULL;"0";"0";"0";"0";"0";"0";"0";"0";"0";NULL;NULL;"573233201119";NULL;NULL;;NULL;NULL;NULL;NULL;NULL;NULL;NULL;"MERLIN ";;"LEUDO";;;;;"57";;;;;;"0";NULL;NULL;NULL;"0";NULL;NULL;NULL;"0";"0"
"25";"1";"ASTRID  CHAVERRA   PANESSO";"573108201745";NULL;;"0000011111";"CC";"2023-03-03 19:20:18";"2023-03-04 00:20:18";"1";"F";NULL;NULL;NULL;NULL;NULL;NULL;NULL;NULL;NULL;NULL;NULL;NULL;NULL;NULL;NULL;NULL;NULL;NULL;"1990-08-08";NULL;NULL;NULL;NULL;"0";"0";"0";"0";"0";"0";"0";"0";"0";NULL;NULL;"573108201745";NULL;NULL;;NULL;NULL;NULL;NULL;NULL;NULL;NULL;"ASTRID ";;"CHAVERRA   PANESSO";;;;;"57";;;;;;"0";NULL;NULL;NULL;"0";NULL;NULL;NULL;"0";"0"
"26";"1";"NIRLA  COPETE  PEREA";"573105209656";NULL;;"1129044178";"CC";"2023-03-11 16:41:02";"2023-03-11 21:41:02";"1";"F";NULL;NULL;NULL;NULL;NULL;NULL;NULL;NULL;NULL;NULL;NULL;NULL;NULL;NULL;NULL;NULL;NULL;NULL;"1986-06-25";NULL;NULL;NULL;NULL;"0";"0";"0";"0";"0";"0";"0";"0";"0";NULL;NULL;"573105209656";NULL;NULL;;NULL;NULL;NULL;NULL;NULL;NULL;NULL;"NIRLA ";;"COPETE  PEREA";;;;;"57";;;;;;"0";NULL;NULL;NULL;"0";NULL;NULL;NULL;"0";"0"
"27";"1";"BETSY  MIREYA MOSQUERA  ";"3118875693";;"betsymosquera93@gmail.com";"1078857101";"CC";"2023-05-10 09:19:10";"2023-05-10 14:19:11";"1";"F";"managru";"3118875693";;"ama de casa";;;;;;;;" NIEGA ";"sin definir";"Si";"ninguno";"niega ";NULL;;"1991-01-20";"0";"0";"0";"no determinado";"0";"0";"0";"0";"0";"0";"0";"0";"0";"lipolisis laser, pomeroy, herniorrafia ";;"573118875693";;"otro(a)";;;"COLOMBIANA";;"BETSY  MIREYA";"MOSQUERA  ";"Urbana";;"BETSY ";"MIREYA";"MOSQUERA ";;"Femenino";;;"57";"Si";"CO";"27";"7668";;"0";NULL;;;"0";NULL;NULL;NULL;"0";"0"
"28";"1";"BETSY  MIREYA MOSQUERA  ";"3118875693";;"betsymosquera93@gmail.com";"1078857101";"CC";"2023-05-10 09:19:11";"2023-05-10 14:19:12";"1";"F";"managru";"3118875693";;"ama de casa";;;;;;;;" NIEGA ";"sin definir";"Si";"ninguno";"niega ";NULL;;"1991-01-20";"0";"0";"0";"no determinado";"0";"0";"0";"0";"0";"0";"0";"0";"0";"lipolisis laser, pomeroy, herniorrafia ";;"573118875693";;"otro(a)";;;"COLOMBIANA";;"BETSY  MIREYA";"MOSQUERA  ";"Urbana";;"BETSY ";"MIREYA";"MOSQUERA ";;"Femenino";;;"57";"Si";"CO";"27";"7668";;"0";NULL;;;"0";NULL;NULL;NULL;"0";"0"
"29";"1";"YECCY SAMIRA  ASPRILLA";"573112517865";NULL;;"35587566";"CC";"2023-07-10 13:19:09";"2023-07-10 18:19:09";"1";"F";NULL;NULL;NULL;NULL;NULL;NULL;NULL;NULL;NULL;NULL;NULL;NULL;NULL;NULL;NULL;NULL;NULL;NULL;"1978-07-20";NULL;NULL;NULL;NULL;"0";"0";"0";"0";"0";"0";"0";"0";"0";NULL;NULL;"573112517865";NULL;NULL;;NULL;NULL;NULL;NULL;NULL;NULL;NULL;"YECCY SAMIRA ";;"ASPRILLA";;;;;"57";;;;;;"0";NULL;NULL;NULL;"0";NULL;NULL;NULL;"0";"0"
"30";"1";"ROSALBA  BENITEZ";"573168265331";NULL;;"35850198";"CC";"2023-08-01 19:41:40";"2023-08-02 00:41:40";"1";"F";NULL;NULL;NULL;NULL;NULL;NULL;NULL;NULL;NULL;NULL;NULL;NULL;NULL;NULL;NULL;NULL;NULL;NULL;"2023-08-01";NULL;NULL;NULL;NULL;"0";"0";"0";"0";"0";"0";"0";"0";"0";NULL;NULL;"573168265331";NULL;NULL;;NULL;NULL;NULL;NULL;NULL;NULL;NULL;"ROSALBA ";;"BENITEZ";;;;;"57";;;;;;"0";NULL;NULL;NULL;"0";NULL;NULL;NULL;"200";"0"
"31";"1";"Mariana  Quevedo ";"573243507733";NULL;"wilmaurypuente06@gmail.com";"4896056";"CC";"2023-08-29 15:13:33";"2023-08-29 15:13:33";"1";"F";"CALLE 100";NULL;NULL;NULL;NULL;NULL;NULL;NULL;NULL;NULL;NULL;NULL;NULL;NULL;NULL;NULL;NULL;NULL;"2003-07-20";NULL;NULL;NULL;NULL;"0";"0";"0";"0";"0";"0";"0";"0";"0";NULL;NULL;"573243507733";NULL;NULL;;"EMPLEADA";NULL;NULL;NULL;NULL;NULL;NULL;"Mariana";;"Quevedo";;;;;"57";"Si";;;;"Mariana48960_31";"489605631";NULL;NULL;NULL;"0";NULL;NULL;NULL;"0";"0"
"37";"1";"PRUEBA  HOY  Referido SII";"573202626400";NULL;"jaamayaa@ufpso.edu.co";"155410";"CC";"2023-08-31 19:16:53";"2023-08-31 19:16:53";"1";"M";"calle 6";NULL;NULL;NULL;NULL;NULL;NULL;NULL;NULL;NULL;NULL;NULL;NULL;NULL;NULL;NULL;NULL;NULL;"2023-08-31";NULL;NULL;NULL;NULL;"0";"0";"0";"0";"0";"0";"0";"0";"0";NULL;NULL;"573202626400";NULL;NULL;;"Ingeniero";NULL;NULL;NULL;NULL;NULL;NULL;"PRUEBA ";"HOY ";"Referido";"SII";;;;"57";"Si";;;;"PRUEBA 15541_37";"15541037";NULL;NULL;NULL;"0";NULL;NULL;NULL;"0";"4"
"38";"1";"Carlos Mario Perez Perez";"573146038667";NULL;;"11793734";"CC";"2023-09-05 21:47:01";"2023-09-05 21:47:01";"1";"M";"Heroes";NULL;NULL;NULL;NULL;NULL;NULL;NULL;NULL;NULL;NULL;NULL;NULL;NULL;NULL;NULL;NULL;NULL;"1950-09-05";NULL;NULL;NULL;NULL;"0";"0";"0";"0";"0";"0";"0";"0";"0";NULL;NULL;"573146038667";NULL;NULL;;"Albañil";NULL;NULL;NULL;NULL;NULL;NULL;"Carlos";"Mario";"Perez";"Perez";;;;"57";"Si";;;;"Carlos11793_38";"1179373438";NULL;NULL;NULL;"0";NULL;NULL;NULL;"0";"0"
"39";"1";"yasira   cury ";;NULL;;"35587914";"CC";"2023-09-08 11:44:18";"2023-09-08 11:44:18";"1";"F";;;NULL;NULL;;;;NULL;NULL;NULL;;;;;;;NULL;NULL;"1981-06-08";NULL;NULL;NULL;NULL;"0";"0";"0";"0";"0";"0";"0";"0";"0";;NULL;"573148447603";;"Otro(a)";;;"colombia ";NULL;NULL;NULL;"Urbana";NULL;"yasira ";;"cury";;;;;"57";"Si";"CO";"27";"7674";"yasira _39";"39";NULL;;NULL;"0";;;;"0";"0"
"40";"1";"alexa  moreno  ";"3111199542";NULL;;"35820172";"CC";"2023-09-08 11:44:30";"2023-09-08 11:44:30";"1";"F";;"3111199542";NULL;NULL;;;;NULL;NULL;NULL;;;;;;;NULL;NULL;"1981-09-05";NULL;NULL;NULL;NULL;"0";"0";"0";"0";"0";"0";"0";"0";"0";;NULL;"573111199542";;"Soltero(a)";;;"colombiana";NULL;NULL;NULL;"Urbana";NULL;"alexa";;"moreno ";;;;;"57";"Si";"CO";"27";"7671";"alexa_40";"40";NULL;;NULL;"0";;;;"0";"0"
"41";"1";"sasha   Hidalgo Benitez";;NULL;;"1003888562";"CC";"2023-09-08 11:47:35";"2023-09-08 11:47:35";"1";"F";;;NULL;NULL;;;;NULL;NULL;NULL;;;"A POSITIVO";"No";;;NULL;NULL;"1998-10-15";NULL;NULL;NULL;NULL;"0";"1";"0";"0";"0";"0";"0";"0";"0";;NULL;"573117939849";;"Soltero(a)";;;"colombia ";NULL;NULL;NULL;"Urbana";NULL;"sasha ";;"Hidalgo";"Benitez";;;;"57";"Si";"CO";"27";"7671";"sasha _41";"41";NULL;;NULL;"0";"2017-10-31";"2023-08-07";"1";"0";"0"
"42";"2";"sucy  Ledezma Ledezma ";"573117969756";NULL;"lasulele@gmail.com";"1076382999";"CC";"2023-12-22 11:24:21";"2023-12-22 11:24:21";"1";"F";NULL;NULL;NULL;NULL;NULL;NULL;NULL;NULL;NULL;NULL;NULL;NULL;NULL;NULL;NULL;NULL;NULL;NULL;"1989-11-10";NULL;NULL;NULL;NULL;"0";"0";"0";"0";"0";"0";"0";"0";"0";NULL;NULL;"573117969756";NULL;NULL;;NULL;NULL;NULL;NULL;NULL;NULL;NULL;"sucy ";;"Ledezma Ledezma ";;;;;"57";"Si";;;;"sucy 10763_42";"107638299942";NULL;"0";"0";"0";;;;"0";"0"
"43";"2";"leidy jhoana lemus murillo";"573137069753";NULL;;"1017154887";"CC";"2023-12-22 11:27:37";"2023-12-22 11:27:37";"1";"F";NULL;NULL;NULL;NULL;NULL;NULL;NULL;NULL;NULL;NULL;NULL;NULL;NULL;NULL;NULL;NULL;NULL;NULL;"1994-12-26";NULL;NULL;NULL;NULL;"0";"0";"0";"0";"0";"0";"0";"0";"0";NULL;NULL;"573137069753";NULL;NULL;;NULL;NULL;NULL;NULL;NULL;NULL;NULL;"leidy jhoana";;"lemus murillo";;;;;"57";"Si";;;;"leidy jhoana10171_43";"101715488743";NULL;"0";"0";"0";;;;"0";"0"
"44";"2";"Ruby leidys   Mena Mosquera  ";"3553104289026";NULL;"rubymena1989@gmail.com";"1027960784";"CC";"2023-12-22 11:32:54";"2023-12-22 11:29:49";"1";"F";;;NULL;NULL;;;;NULL;NULL;NULL;;;;;;;NULL;NULL;"1989-03-06";NULL;NULL;NULL;NULL;"0";"0";"0";"0";"0";"0";"0";"0";"0";;NULL;"573104289026";;"Soltero(a)";;;;NULL;NULL;NULL;"Urbana";NULL;"Ruby leidys ";;"Mena Mosquera ";;;;;"57";"Si";"CO";"27";"7671";"Ruby leidys 10279_44";"102796078444";NULL;;"0";"0";;;;"0";"0"
"45";"2";"leyis violeta Rivas Ordoñez";"573148219996";NULL;;"35850699";"CC";"2023-12-22 11:51:23";"2023-12-22 11:51:23";"1";"F";NULL;NULL;NULL;NULL;NULL;NULL;NULL;NULL;NULL;NULL;NULL;NULL;NULL;NULL;NULL;NULL;NULL;NULL;"1971-03-03";NULL;NULL;NULL;NULL;"0";"0";"0";"0";"0";"0";"0";"0";"0";NULL;NULL;"573148219996";NULL;NULL;;NULL;NULL;NULL;NULL;NULL;NULL;NULL;"leyis violeta";;"Rivas Ordoñez";;;;;"57";"Si";;;;"leyis violeta35850_45";"3585069945";NULL;"0";"0";"0";;;;"0";"0"
"46";"2";"Emily Dahiana Murillo Perea";"573217711193";NULL;"emilymurilloperea@gmail.com";"1028041169";"CC";"2023-12-22 11:56:01";"2023-12-22 11:56:01";"1";"F";NULL;NULL;NULL;NULL;NULL;NULL;NULL;NULL;NULL;NULL;NULL;NULL;NULL;NULL;NULL;NULL;NULL;NULL;"0001-01-01";NULL;NULL;NULL;NULL;"0";"0";"0";"0";"0";"0";"0";"0";"0";NULL;NULL;"573217711193";NULL;NULL;;NULL;NULL;NULL;NULL;NULL;NULL;NULL;"Emily Dahiana";;"Murillo Perea";;;;;"57";"Si";;;;"Emily Dahiana10280_46";"102804116946";NULL;"0";"0";"0";;;;"375";"0"
"47";"2";"Nirlen Karine Perea Mosquera";"57";NULL;;"1003888696";"CC";"2023-12-22 11:58:57";"2023-12-22 11:58:57";"1";"F";NULL;NULL;NULL;NULL;NULL;NULL;NULL;NULL;NULL;NULL;NULL;NULL;NULL;NULL;NULL;NULL;NULL;NULL;"2000-01-01";NULL;NULL;NULL;NULL;"0";"0";"0";"0";"0";"0";"0";"0";"0";NULL;NULL;"57";NULL;NULL;;NULL;NULL;NULL;NULL;NULL;NULL;NULL;"Nirlen Karine";;"Perea Mosquera";;;;;"57";"Si";;;;"Nirlen Karine10038_47";"100388869647";NULL;"0";"0";"0";;;;"375";"0"
"48";"2";"Judith Marcela Lopez Ledesma";"573178866540";NULL;;"67030753";"CC";"2023-12-22 12:06:54";"2023-12-22 12:06:54";"1";"F";NULL;NULL;NULL;NULL;NULL;NULL;NULL;NULL;NULL;NULL;NULL;NULL;NULL;NULL;NULL;NULL;NULL;NULL;"1985-01-01";NULL;NULL;NULL;NULL;"0";"0";"0";"0";"0";"0";"0";"0";"0";NULL;NULL;"573178866540";NULL;NULL;;NULL;NULL;NULL;NULL;NULL;NULL;NULL;"Judith Marcela";;"Lopez Ledesma";;;;;"57";"Si";;;;"Judith Marcela67030_48";"6703075348";NULL;"0";"0";"0";;;;"375";"0"
"49";"2";"Yohana Yamile Rivas Guerrero";"573118467192";NULL;;"35650040";"CC";"2023-12-22 12:09:15";"2023-12-22 12:09:15";"1";"F";NULL;NULL;NULL;NULL;NULL;NULL;NULL;NULL;NULL;NULL;NULL;NULL;NULL;NULL;NULL;NULL;NULL;NULL;"1985-01-01";NULL;NULL;NULL;NULL;"0";"0";"0";"0";"0";"0";"0";"0";"0";NULL;NULL;"573118467192";NULL;NULL;;NULL;NULL;NULL;NULL;NULL;NULL;NULL;"Yohana Yamile";;"Rivas Guerrero";;;;;"57";"Si";;;;"Yohana Yamile35650_49";"3565004049";NULL;"0";"0";"0";;;;"375";"0"
"50";"2";"Yenice  Torres Asprilla ";"573126866587";NULL;"yuselfi1040@hotmail.com";"35647636";"CC";"2023-12-22 12:12:34";"2023-12-22 12:12:34";"1";"F";NULL;NULL;NULL;NULL;NULL;NULL;NULL;NULL;NULL;NULL;NULL;NULL;NULL;NULL;NULL;NULL;NULL;NULL;"1984-01-01";NULL;NULL;NULL;NULL;"0";"0";"0";"0";"0";"0";"0";"0";"0";NULL;NULL;"573126866587";NULL;NULL;;NULL;NULL;NULL;NULL;NULL;NULL;NULL;"Yenice ";;"Torres Asprilla ";;;;;"57";"Si";;;;"Yenice 35647_50";"3564763650";NULL;"0";"0";"0";;;;"375";"0"
"51";"2";"Maria Matilde Urrutia Mosquera";"573233636976";NULL;;"1074686032";"CC";"2023-12-22 12:17:18";"2023-12-22 12:17:18";"1";"F";NULL;NULL;NULL;NULL;NULL;NULL;NULL;NULL;NULL;NULL;NULL;NULL;NULL;NULL;NULL;NULL;NULL;NULL;"1997-10-09";NULL;NULL;NULL;NULL;"0";"0";"0";"0";"0";"0";"0";"0";"0";NULL;NULL;"573233636976";NULL;NULL;;NULL;NULL;NULL;NULL;NULL;NULL;NULL;"Maria Matilde";;"Urrutia Mosquera";;;;;"57";"Si";;;;"Maria Matilde10746_51";"107468603251";NULL;"0";"0";"0";;;;"0";"0"
"52";"2";"Ruddy Darneilys Parra Asprilla";"573113805625";NULL;;"10005054";"CC";"2023-12-22 12:22:31";"2023-12-22 12:22:31";"1";"F";NULL;NULL;NULL;NULL;NULL;NULL;NULL;NULL;NULL;NULL;NULL;NULL;NULL;NULL;NULL;NULL;NULL;NULL;"1992-04-27";NULL;NULL;NULL;NULL;"0";"0";"0";"0";"0";"0";"0";"0";"0";NULL;NULL;"573113805625";NULL;NULL;;NULL;NULL;NULL;NULL;NULL;NULL;NULL;"Ruddy Darneilys";;"Parra Asprilla";;;;;"57";"Si";;;;"Ruddy Darneilys10005_52";"1000505452";NULL;"0";"0";"0";;;;"0";"0"
"53";"2";"Leiny leovainy Aragon Rengifo";"573148055913";NULL;;"1076383002";"CC";"2023-12-22 12:26:15";"2023-12-22 12:26:15";"1";"F";NULL;NULL;NULL;NULL;NULL;NULL;NULL;NULL;NULL;NULL;NULL;NULL;NULL;NULL;NULL;NULL;NULL;NULL;"1990-03-11";NULL;NULL;NULL;NULL;"0";"0";"0";"0";"0";"0";"0";"0";"0";NULL;NULL;"573148055913";NULL;NULL;;NULL;NULL;NULL;NULL;NULL;NULL;NULL;"Leiny leovainy";;"Aragon Rengifo";;;;;"57";"Si";;;;"Leiny leovainy10763_53";"107638300253";NULL;"0";"0";"0";;;;"0";"0"
"54";"2";"Yaneth Curi Peña";"573113837757";NULL;;"35820757";"CC";"2023-12-22 12:29:26";"2023-12-22 12:29:26";"1";"F";NULL;NULL;NULL;NULL;NULL;NULL;NULL;NULL;NULL;NULL;NULL;NULL;NULL;NULL;NULL;NULL;NULL;NULL;"1984-01-01";NULL;NULL;NULL;NULL;"0";"0";"0";"0";"0";"0";"0";"0";"0";NULL;NULL;"573113837757";NULL;NULL;;NULL;NULL;NULL;NULL;NULL;NULL;NULL;"Yaneth";;"Curi Peña";;;;;"57";"Si";;;;"Yaneth35820_54";"3582075754";NULL;"0";"0";"0";;;;"375";"0"
"55";"2";"Yenny Mariana Mosquera ";"573126988110";NULL;"maria.mosquera@outlook.com";"39177035";"CC";"2023-12-22 12:38:48";"2023-12-22 12:38:48";"1";"F";NULL;NULL;NULL;NULL;NULL;NULL;NULL;NULL;NULL;NULL;NULL;NULL;NULL;NULL;NULL;NULL;NULL;NULL;"1983-01-01";NULL;NULL;NULL;NULL;"0";"0";"0";"0";"0";"0";"0";"0";"0";NULL;NULL;"573126988110";NULL;NULL;;NULL;NULL;NULL;NULL;NULL;NULL;NULL;"Yenny Mariana";;"Mosquera ";;;;;"57";"Si";;;;"Yenny Mariana39177_55";"3917703555";NULL;"0";"0";"0";;;;"375";"0"
"56";"2";"Maria Solemny Giron";"573128523676";NULL;;"1148191509";"CC";"2023-12-22 12:40:50";"2023-12-22 12:40:50";"1";"F";NULL;NULL;NULL;NULL;NULL;NULL;NULL;NULL;NULL;NULL;NULL;NULL;NULL;NULL;NULL;NULL;NULL;NULL;"1987-01-01";NULL;NULL;NULL;NULL;"0";"0";"0";"0";"0";"0";"0";"0";"0";NULL;NULL;"573128523676";NULL;NULL;;NULL;NULL;NULL;NULL;NULL;NULL;NULL;"Maria Solemny";;"Giron";;;;;"57";"Si";;;;"Maria Solemny11481_56";"114819150956";NULL;"0";"0";"0";;;;"375";"0"
"57";"2";"Jissela  Lozano Delgado ";"573215068049";NULL;"Jisselalozano@hotmail.com";"1076330326";"CC";"2023-12-22 12:43:36";"2023-12-22 12:43:36";"1";"F";NULL;NULL;NULL;NULL;NULL;NULL;NULL;NULL;NULL;NULL;NULL;NULL;NULL;NULL;NULL;NULL;NULL;NULL;"1993-01-01";NULL;NULL;NULL;NULL;"0";"0";"0";"0";"0";"0";"0";"0";"0";NULL;NULL;"573215068049";NULL;NULL;;NULL;NULL;NULL;NULL;NULL;NULL;NULL;"Jissela ";;"Lozano Delgado ";;;;;"57";"Si";;;;"Jissela 10763_57";"107633032657";NULL;"0";"0";"0";;;;"375";"0"
"58";"1";"LUCIA  MURILLO CASTRO";"573203779196";NULL;;"31380023";"CC";"2023-12-31 14:49:31";"2023-12-31 14:49:31";"1";"F";NULL;NULL;NULL;NULL;NULL;NULL;NULL;NULL;NULL;NULL;NULL;NULL;NULL;NULL;NULL;NULL;NULL;NULL;"1959-05-10";NULL;NULL;NULL;NULL;"0";"0";"0";"0";"0";"0";"0";"0";"0";NULL;NULL;"573203779196";NULL;NULL;;NULL;NULL;NULL;NULL;NULL;NULL;NULL;"LUCIA ";;"MURILLO CASTRO";;;;;"57";"Si";;;;"LUCIA 31380_58";"3138002358";NULL;"0";"0";"0";;;;"0";"0"
"59";"1";"Judith  Benítez  ";"573122667665";NULL;;"35850515";"CC";"2024-01-04 08:48:20";"2024-01-04 07:53:09";"1";"F";;;NULL;NULL;;;;NULL;NULL;NULL;;;;;;;NULL;NULL;"1966-06-04";NULL;NULL;NULL;NULL;"0";"0";"0";"0";"0";"0";"0";"0";"0";;NULL;"573122667665";;"Soltero(a)";;;;NULL;NULL;NULL;"Urbana";NULL;"Judith";;"Benítez ";;;;;"57";"Si";"CO";"27";"7671";"Judith35850_59";"3585051559";NULL;;"0";"0";;;;"0";"0"
"60";"1";"YEISON  ANTONIO RIVASS RUIZ";"573148839935";NULL;;"1076818552";"CC";"2024-03-12 11:36:17";"2024-03-12 11:33:21";"1";"M";;;NULL;NULL;;;;NULL;NULL;NULL;;;;;;;NULL;NULL;"2006-01-17";NULL;NULL;NULL;NULL;"0";"0";"0";"0";"0";"0";"0";"0";"0";;NULL;"573148839935";"Particular";"Soltero(a)";;;"COLOMBIA";NULL;NULL;NULL;"Rural";NULL;"YEISON ";"ANTONIO";"RIVASS";"RUIZ";;;;"57";"Si";"CO";"27";"7671";"YEISON 10768_60";"107681855260";NULL;;"0";"0";;;;"0";"0"
"61";"1";"paciente  paciente ";"57";NULL;;"11111111111";"CC";"2024-03-26 18:21:59";"2024-03-26 18:21:59";"1";"I";NULL;NULL;NULL;NULL;NULL;NULL;NULL;NULL;NULL;NULL;NULL;NULL;NULL;NULL;NULL;NULL;NULL;NULL;"1900-12-31";NULL;NULL;NULL;NULL;"0";"0";"0";"0";"0";"0";"0";"0";"0";NULL;NULL;"57";NULL;NULL;;NULL;NULL;NULL;NULL;NULL;NULL;NULL;"paciente ";;"paciente ";;;;;"57";"Si";;;;"paciente 11111_61";"1111111111161";NULL;"0";"0";"0";;;;"0";"0"
"65";"3";"leidy Mosquera Mosquera ";"573106437628";NULL;;"1133685009";"CC";"2024-06-07 11:11:45";"2024-06-07 11:11:45";"1";"F";NULL;NULL;NULL;NULL;NULL;NULL;NULL;NULL;NULL;NULL;NULL;NULL;NULL;NULL;NULL;NULL;NULL;NULL;"1988-12-04";NULL;NULL;NULL;NULL;"0";"0";"0";"0";"0";"0";"0";"0";"0";NULL;NULL;"573106437628";NULL;NULL;;NULL;NULL;NULL;NULL;NULL;NULL;NULL;"leidy";;"Mosquera Mosquera ";;;;;"57";"Si";;;;"leidy11336_65";"113368500965";NULL;"0";"0";"0";;;"0";"0";"0"
"66";"3";"Maria Yasneis Mosquera Salazar";"573217554882";NULL;;"1076322727";"CC";"2024-06-12 09:45:36";"2024-06-12 09:45:36";"1";"F";NULL;NULL;NULL;NULL;NULL;NULL;NULL;NULL;NULL;NULL;NULL;NULL;NULL;NULL;NULL;NULL;NULL;NULL;"1986-06-24";NULL;NULL;NULL;NULL;"0";"0";"0";"0";"0";"0";"0";"0";"0";NULL;NULL;"573217554882";NULL;NULL;;NULL;NULL;NULL;NULL;NULL;NULL;NULL;"Maria Yasneis";;"Mosquera Salazar";;;;;"57";"Si";;;;"Maria Yasneis10763_66";"107632272766";NULL;"0";"0";"0";;;;"0";"0"
"67";"3";"YASIRA  CURY PARRA ";"573148447603";NULL;;"35537914";"CC";"2024-06-24 10:54:48";"2024-06-24 10:54:48";"1";"F";NULL;NULL;NULL;NULL;NULL;NULL;NULL;NULL;NULL;NULL;NULL;NULL;NULL;NULL;NULL;NULL;NULL;NULL;"1980-10-28";NULL;NULL;NULL;NULL;"0";"0";"0";"0";"0";"0";"0";"0";"0";NULL;NULL;"573148447603";NULL;NULL;;NULL;NULL;NULL;NULL;NULL;NULL;NULL;"YASIRA ";;"CURY PARRA ";;;;;"57";"Si";;;;"YASIRA 35537_67";"3553791467";NULL;"0";"0";"0";;;;"0";"0"
"68";"3";"Alexandra Mosquera";"57";NULL;;"66900851";"CC";"2024-07-16 12:38:34";"2024-07-16 12:38:34";"1";"F";NULL;NULL;NULL;NULL;NULL;NULL;NULL;NULL;NULL;NULL;NULL;NULL;NULL;NULL;NULL;NULL;NULL;NULL;"1973-07-30";NULL;NULL;NULL;NULL;"0";"0";"0";"0";"0";"0";"0";"0";"0";NULL;NULL;"57";NULL;NULL;;NULL;NULL;NULL;NULL;NULL;NULL;NULL;"Alexandra";;"Mosquera";;;;;"57";"Si";;;;"Alexandra66900_68";"6690085168";NULL;"0";"0";"0";;;;"0";"0"
"69";"3";"AYOLA  MONTAÑO MOSQUERA";"3147278706";NULL;;"35899727";"CC";"2024-07-16 13:36:10";"2024-07-16 13:36:10";"1";"F";;;NULL;NULL;;;;NULL;NULL;NULL;;;;;;;NULL;NULL;"1984-04-15";NULL;NULL;NULL;NULL;"0";"0";"0";"0";"0";"0";"0";"0";"1";"CESAREA - MIOMAS";NULL;"573147278706";;"Soltero(a)";;;;NULL;NULL;NULL;"Urbana";NULL;"AYOLA";;"MONTAÑO";"MOSQUERA";;;;"57";"Si";"CO";"27";"7671";"AYOLA_69";"69";NULL;;NULL;"0";;;;"0";"0"
"70";"4";"ANA MARIA  CORDOBA LOZANO ";"573183082332";NULL;;"1015417740";"CC";"2024-08-13 12:21:51";"2024-08-13 12:21:51";"1";"F";NULL;NULL;NULL;NULL;NULL;NULL;NULL;NULL;NULL;NULL;NULL;NULL;NULL;NULL;NULL;NULL;NULL;NULL;"1990-05-30";NULL;NULL;NULL;NULL;"0";"0";"0";"0";"0";"0";"0";"0";"0";NULL;NULL;"573183082332";NULL;NULL;;NULL;NULL;NULL;NULL;NULL;NULL;NULL;"ANA MARIA ";;"CORDOBA LOZANO ";;;;;"57";"Si";;;;"ANA MARIA 10154_70";"101541774070";NULL;"0";"0";"0";;;"1";"0";"0"
"71";"4";"MARCELA SALAZAR TAMAYO";"573105013704";NULL;"marcela082@gmail.co";"1076329267";"CC";"2024-08-13 12:36:44";"2024-08-13 12:36:44";"1";"F";NULL;NULL;NULL;NULL;NULL;NULL;NULL;NULL;NULL;NULL;NULL;NULL;NULL;NULL;NULL;NULL;NULL;NULL;"1991-11-12";NULL;NULL;NULL;NULL;"0";"0";"0";"0";"0";"0";"0";"0";"0";NULL;NULL;"573105013704";NULL;NULL;;NULL;NULL;NULL;NULL;NULL;NULL;NULL;"MARCELA";;"SALAZAR TAMAYO";;;;;"57";"Si";;;;"MARCELA10763_71";"107632926771";NULL;"0";"0";"0";;;;"0";"0"
"72";"1";"paola  sanchez Torres ";"573102531991";NULL;;"35696407";"CC";"2024-08-29 16:07:18";"2024-08-29 16:07:18";"1";"F";NULL;NULL;NULL;NULL;NULL;NULL;NULL;NULL;NULL;NULL;NULL;NULL;NULL;NULL;NULL;NULL;NULL;NULL;"1979-03-19";NULL;NULL;NULL;NULL;"0";"0";"0";"0";"0";"0";"0";"0";"0";NULL;NULL;"573102531991";NULL;NULL;;NULL;NULL;NULL;NULL;NULL;NULL;NULL;"paola ";;"sanchez Torres ";;;;;"57";"Si";;;;"paola 35696_72";"3569640772";NULL;"0";"0";"0";;;;"0";"0"
"73";"1";"elis jhoenis  navarro chaverra";"573206053509";NULL;;"1027594941";"CC";"2024-09-03 16:48:00";"2024-09-03 16:48:00";"1";"F";NULL;NULL;NULL;NULL;NULL;NULL;NULL;NULL;NULL;NULL;NULL;NULL;NULL;NULL;NULL;NULL;NULL;NULL;"1986-10-25";NULL;NULL;NULL;NULL;"0";"0";"0";"0";"0";"0";"0";"0";"0";NULL;NULL;"573206053509";NULL;NULL;;NULL;NULL;NULL;NULL;NULL;NULL;NULL;"elis jhoenis ";;"navarro chaverra";;;;;"57";"Si";;;;"elis jhoenis 10275_73";"102759494173";NULL;"0";"0";"0";;;;"0";"0"
"74";"1";"cruz amparo GIRALDO ";"573235311356";NULL;;"35695966";"CC";"2024-09-04 09:14:27";"2024-09-04 09:14:27";"1";"F";NULL;NULL;NULL;NULL;NULL;NULL;NULL;NULL;NULL;NULL;NULL;NULL;NULL;NULL;NULL;NULL;NULL;NULL;"1979-05-03";NULL;NULL;NULL;NULL;"0";"0";"0";"0";"0";"0";"0";"0";"0";NULL;NULL;"573235311356";NULL;NULL;;NULL;NULL;NULL;NULL;NULL;NULL;NULL;"cruz amparo";;"GIRALDO ";;;;;"57";"Si";;;;"cruz amparo35695_74";"3569596674";NULL;"0";"0";"0";;;;"0";"0"
"75";"1";"LEIDY JHOANA  CORDOBA TORRES ";"573103043540";NULL;;"1076323483";"CC";"2024-09-08 09:36:52";"2024-09-08 09:36:52";"1";"F";NULL;NULL;NULL;NULL;NULL;NULL;NULL;NULL;NULL;NULL;NULL;NULL;NULL;NULL;NULL;NULL;NULL;NULL;"1988-05-01";NULL;NULL;NULL;NULL;"0";"0";"0";"0";"0";"0";"0";"0";"0";NULL;NULL;"573103043540";NULL;NULL;;NULL;NULL;NULL;NULL;NULL;NULL;NULL;"LEIDY JHOANA ";;"CORDOBA TORRES ";;;;;"57";"Si";;;;"LEIDY JHOANA 10763_75";"107632348375";NULL;"0";"0";"0";;;;"0";"0"
"76";"1";"natalia  luna ";"573215799421";NULL;;"1070824134";"CC";"2024-09-13 14:18:51";"2024-09-13 14:18:51";"1";"F";NULL;NULL;NULL;NULL;NULL;NULL;NULL;NULL;NULL;NULL;NULL;NULL;NULL;NULL;NULL;NULL;NULL;NULL;"1997-04-05";NULL;NULL;NULL;NULL;"0";"0";"0";"0";"0";"0";"0";"0";"0";NULL;NULL;"573215799421";NULL;NULL;;NULL;NULL;NULL;NULL;NULL;NULL;NULL;"natalia ";;"luna ";;;;;"57";"Si";;;;"natalia 10708_76";"107082413476";NULL;"0";"0";"0";;;;"0";"0"
"77";"1";"leidy jhoana   CORDOBA TORRES ";"57";NULL;;"0000000";"CC";"2024-09-14 11:52:33";"2024-09-14 11:52:33";"1";"F";NULL;NULL;NULL;NULL;NULL;NULL;NULL;NULL;NULL;NULL;NULL;NULL;NULL;NULL;NULL;NULL;NULL;NULL;"0001-01-01";NULL;NULL;NULL;NULL;"0";"0";"0";"0";"0";"0";"0";"0";"0";NULL;NULL;"57";NULL;NULL;;NULL;NULL;NULL;NULL;NULL;NULL;NULL;"leidy jhoana  ";;"CORDOBA TORRES ";;;;;"57";"Si";;;;"leidy jhoana  00000_77";"000000077";NULL;"0";"0";"0";;;;"65";"0"
