"id";"fecha";"cliente_id";"usuario_id";"InformacionAcudiente";"EnfermedadActual";"Checks_Antecedentes";"AntecentesGinecobstetricos";"AntecedentesFamiliares";"Checks_Revision";"SignosVitales";"Paraclinicos";"Imagenologia_Examen";"Laboratorio_Examenes";"ExamenFisico";"OrganoSentidos";"SintomasGenerales";"DiagnosticoAcupuntura";"DiagnosticoConsulta";"Impresion";"PlanManejo";"Incapacidades";"Insumos";"RecetaId";"tipoConsulta";"id_historia";"codigoConsulta";"CIE10_1";"CIE10_2";"CIE10_3";"CIE10_4";"receta_id";"imgEscalaTanner";"textEscalaTanner";"sucursal";"Fecha_Consulta"
"1";"2022-12-06 12:38:57";"1";"1";;;;;;;;;;;;;;;;;;;;"0";NULL;NULL;NULL;;;;;"0";NULL;NULL;"0";NULL
"2";"2022-12-07 16:46:50";"3";"1";;"Tipo de Consulta: Primera vez<br>Nombre de la Consulta: zs<br>Motivo de Consulta: ssssssssssssssssssssssss<br>Enfermedad Actual: sssssssssssssssssssssssss<br>";;;;;;;;;;;;;;;;;;"0";NULL;NULL;NULL;;;;;"0";NULL;NULL;"0";NULL
"3";"2023-12-29 12:39:21";"4";"1";"Nombre Acudiente: asdasd<br>Parentesco Acudiente: Padre<br>Telefono Acudiente: asdasdas<br>Medico que remite: asdadasdasd<br>";"Tipo de Consulta: Primera vez<br>Nombre de la Consulta: asda<br>Motivo de Consulta: sdasd<br>Enfermedad Actual: adasasdasdsdfsdfsdfsdf<br>";;;;;"Peso Corporal: 62<br>Altura: 155<br>IMC: 25.81<br>Frecuencia Respiratoria: 5<br>Frecuencia Cardiaca: 5<br>Presion Arterial Diastolica: 5<br>Presion Arterial Sistolica: 5<br>Temperatura Corporal: 5<br>Saturacion Oxigeno: 5<br>Porcentaje de Grasa Corporal: 5<br>Circunferencia Abdominal: 5<br>Circunferencia de Cintura: 5<br>Tension Arterial Media: 5<br>Peso / Edad: 19<br>Peso / Altura: 19<br>";"<b>Paraclinico #1</b>:<br>Fecha : 2022-12-09<br>Tipo : asd<br>Valor : 34<br>Unidades : Minuto<br>Clasificacion : Negativo<br>Comentarios : asdasdadad<br>";"317,";"21,";;"Ojos: sdfsdf<br>Oidos: sdfsd<br>Lengua/Sabores: fsdfsdfsdf<br>";"Deseos: sdfsd<br>Sed: fsdf<br>Transpiracion: sdfs<br>Aversiones: dfsdfsdf<br>Calor Vital: sdfs<br>Sueños: dfsdfsdfsdf<br>";;"Modalidad: No aplica<br>Causa Externa: Otra<br><CIE10-2>CIE10</b><br>R509&nbsp;,&nbsp;</CIE10-2><br>Fecha: 2021-12-09<br><CIE10-2>Tipo de Diagnostico</b><br>Otro&nbsp;,&nbsp;</CIE10-2><br>DCIE10: asdasdasdasd<br>";"Impresion : asdadasdasda<br>";"Plan de Manejo : asdasdasdasd<br>";"<b>Incapacidades #1</b>:<br>Area Tratamiento : sdf<br>Recurrencia : Unica<br>Fecha Inicial Incapacidad : 2021-12-09<br>Fecha Final Incapacidad : 2022-01-09<br>Comentarios : asdasdasdadad<br>";;"1";NULL;NULL;NULL;;;;;"0";NULL;NULL;"0";NULL
"4";"2022-12-09 12:16:58";"4";"1";"Nombre Acudiente: asdasd<br>Parentesco Acudiente: Padre<br>Telefono Acudiente: asdasdas<br>Medico que remite: asdadasdasd<br>";"Tipo de Consulta: Primera vez<br>Nombre de la Consulta: asda<br>Motivo de Consulta: sdasd<br>Enfermedad Actual: adasasdasdsdfsdfsdfsdf<br>";;;;;"Peso Corporal: 63<br>Altura: 154<br>IMC: 26.56<br>Frecuencia Respiratoria: 7<br>Frecuencia Cardiaca: 7<br>Presion Arterial Diastolica: 7<br>Presion Arterial Sistolica: 7<br>Temperatura Corporal: 37<br>Saturacion Oxigeno: 7<br>Porcentaje de Grasa Corporal: 7<br>Circunferencia Abdominal: 5<br>Circunferencia de Cintura: 7<br>Tension Arterial Media: 7<br>";"<b>Paraclinico #1</b>:<br>Fecha : 2022-12-09<br>Tipo : asd<br>Valor : 34<br>Unidades : Minuto<br>Clasificacion : Negativo<br>Comentarios : asdasdadad<br>";"317,";"21,";;"Ojos: sdfsdf<br>Oidos: sdfsd<br>Lengua/Sabores: fsdfsdfsdf<br>";"Deseos: sdfsd<br>Sed: fsdf<br>Transpiracion: sdfs<br>Aversiones: dfsdfsdf<br>Calor Vital: sdfs<br>Sueños: dfsdfsdfsdf<br>";;"Modalidad: No aplica<br>Causa Externa: Otra<br><CIE10-2>CIE10</b><br>R509&nbsp;,&nbsp;</CIE10-2><br>Fecha: 2021-12-09<br><CIE10-2>Tipo de Diagnostico</b><br>Otro&nbsp;,&nbsp;</CIE10-2><br>DCIE10: asdasdasdasd<br>";"Impresion : asdadasdasda<br>";"Plan de Manejo : El origen del concepto de infoxicación se remonta a 1999. Este término fue acuñado por el físico Alfons Cornellá, fundador de la consultora de nuevas tendencias Institute of the Next. La infoxicación puede considerarse, por lo tanto, una enfermedad propia de la era digital.12​


Por lo tanto, este concepto precede a la popularización de Internet y a la llegada masiva de los blogs o las redes sociales.
<br>";"<b>Incapacidades #1</b>:<br>Area Tratamiento : sdf<br>Recurrencia : Unica<br>Fecha Inicial Incapacidad : 2021-12-09<br>Fecha Final Incapacidad : 2022-01-09<br>Comentarios : asdasdasdadad<br>";;"1";NULL;NULL;NULL;;;;;"0";NULL;NULL;"0";NULL
"9";"2022-12-09 13:14:33";"2";"1";"Nombre Acudiente: CLIMACO ABAD SANCHEZ JORDAN <br>Parentesco Acudiente: Hijos<br>";"Tipo de Consulta: Otro<br>Motivo de Consulta: HA ESTADO MUY DECAIDA <br>Enfermedad Actual: PACIENTE DE 97 AÑOS QUIEN CONSULTA EN COMPAÑIA DEL HIJO POR PRESENTAR CUADRO CLINICO DE VARIOS DIAS DE EVOLUCICON CONSIENTENTE EN MALESTAR GENERAL, ASOIAOD A CEFALEA ,  DOLOR EN CADERAS Y RODILLAS, EL HIJO REFIERE ADEMAS  QUE SE LE OLVIDAN LAS COSAS, QUE SE ESTA CHOCANDO PORQUE NO VE  Y QUE ESTA PRESENTANDO INCONTINENCIA , NIEGAN OTROS SINTOMAS.<br>";"<b>Esferas Afectadas</b>:<br>OSTEOPOROSIS
GLAUCOMA 
HTA
ARTROSIS <br>";"Mas detalles del metodo de planificacion: GESTAS 12 <br>";;;"Peso Corporal: 90<br>Altura: 176<br>IMC: 29.05<br>Frecuencia Respiratoria: 16<br>Frecuencia Cardiaca: 87<br>Presion Arterial Diastolica: 94<br>Presion Arterial Sistolica: 145<br>Temperatura Corporal: 36<br>Saturacion Oxigeno: 98<br>";;;;"<b>Cabeza</b>:<br>Normal<br><b>Cuello</b>:<br>Normal<br><b>Torax</b>:<br>Normal<br>TORAX SIMETRICO, MURMULLO VESICULAR DISMINUIDO NO AGREGADOS, RUIDOS CARDIACOS RITMICOS DE BUENA INTENSIDAD SIN SOPLOS NI S3<br><b>Abdomen</b>:<br>Anormal<br>GLOBOSOS BLANDO DEPRESIBLE, DOLOROSO EN  EPIGASTRIO NO SIGNOS DE IRRITACION PERITONEAL<br><b>Neurologico</b>:<br>Normal<br>SIN DEFICIT MOTOR O SENSITIVO APARENTE <br><b>Extremidades</b>:<br>Anormal<br>EDEMA E INFLAMACION EN EN RODILLAS 
DOLOR EN CADERAS <br><b>Piel y Faneras</b>:<br>Normal<br>";"Ojos: DISMINUCION MARACDA DE LA AGUDEZA VISUAL, VISISON BULTOS <br>Oidos: DISMINUCION DE LA AGUDEZA AUDITIVA <br>";;;"Modalidad: Convencional/Presencial<br>Causa Externa: Enfermedad general<br><CIE10-2>CIE10</b><br>G430&nbsp;,&nbsp;</CIE10-2><br><CIE10-2>Tipo de Diagnostico</b><br>Clinico&nbsp;,&nbsp;</CIE10-2><br>DCIE10: GASTRITIS, HTA,  INCONTINENCIA URINARIA,  ARTROSIS <br>";"Impresion : PACIENTE AÑOSA DE 97 AÑOS DEPENDIENTE DE SU ABCD, CON DISMUNUCION DE LA AGUDEZA VISUSAL Y LIMITACION PARA LA DEAMBULACION POR DOLOR, ADEMAS DE INCONTINENCIA URINARIA Y DEMENCIA SENIL,  EN EL MOMENTO CURSANDO CON CUADRO MIGRAÑOSO, ASOCIADO A INTENSIFICACION DEL DOLOR ARICUALR CON PREDOMINIO EN ROILLAS, POR LO QUE SE INDICA MANEJO ANALGESICO, SE EXPLICA AL ACOMPAÑANTE, QUE LOS DEMAS SINTOMAS, SON SECUNDARIOS A SU CURSO NATURAL DE VIDA POR LO QUE SE INDICA QUE LA PACIENTE POR SUS LIMITACIONES DEBE PERMANECER ACOMPAÑADA,  ADEMAS SE DAN RECOMENDACIONES SOBRE ESTILOS DE VIDA SALUDABLES.  SE DA ORDEN PARA VALORACION POR OFTALMOLOGIA <br>";"Plan de Manejo : ZALDIAR 1 TAB CADA 8 HORAS 
ESOMEPRAZOL 40 MG CADA DIA EN AYUNO 
CONTINUAR CON MANEJO ANTIHIPERTENSIVO <br>";;;"0";NULL;NULL;NULL;;;;;"0";NULL;NULL;"0";NULL
"10";"2022-12-09 13:23:55";"2";"1";"Nombre Acudiente: CLIMACO ABAD SANCHEZ JORDAN <br>Parentesco Acudiente: Hijos<br>";"Tipo de Consulta: Otro<br>Motivo de Consulta: HA ESTADO MUY DECAIDA <br>Enfermedad Actual: PACIENTE DE 97 AÑOS QUIEN CONSULTA EN COMPAÑIA DEL HIJO POR PRESENTAR CUADRO CLINICO DE VARIOS DIAS DE EVOLUCICON CONSIENTENTE EN MALESTAR GENERAL, ASOIAOD A CEFALEA ,  DOLOR EN CADERAS Y RODILLAS, EL HIJO REFIERE ADEMAS  QUE SE LE OLVIDAN LAS COSAS, QUE SE ESTA CHOCANDO PORQUE NO VE  Y QUE ESTA PRESENTANDO INCONTINENCIA , NIEGAN OTROS SINTOMAS.<br>";"<b>Esferas Afectadas</b>:<br>OSTEOPOROSIS
GLAUCOMA 
HTA
ARTROSIS <br>";"Embarazos: 12<br>Partos: 12<br>";;;"Peso Corporal: 90<br>Altura: 176<br>IMC: 29.05<br>Frecuencia Respiratoria: 16<br>Frecuencia Cardiaca: 87<br>Presion Arterial Diastolica: 94<br>Presion Arterial Sistolica: 145<br>Temperatura Corporal: 36<br>Saturacion Oxigeno: 98<br>";;;;"<b>Cabeza</b>:<br>Normal<br><b>Cuello</b>:<br>Normal<br><b>Torax</b>:<br>Normal<br>TORAX SIMETRICO, MURMULLO VESICULAR DISMINUIDO NO AGREGADOS, RUIDOS CARDIACOS RITMICOS DE BUENA INTENSIDAD SIN SOPLOS NI S3<br><b>Abdomen</b>:<br>Anormal<br>GLOBOSOS BLANDO DEPRESIBLE, DOLOROSO EN  EPIGASTRIO NO SIGNOS DE IRRITACION PERITONEAL<br><b>Neurologico</b>:<br>Normal<br>SIN DEFICIT MOTOR O SENSITIVO APARENTE <br><b>Extremidades</b>:<br>Anormal<br>EDEMA E INFLAMACION EN EN RODILLAS 
DOLOR EN CADERAS <br><b>Piel y Faneras</b>:<br>Normal<br>";"Ojos: DISMINUCION MARACDA DE LA AGUDEZA VISUAL, VISISON BULTOS <br>Oidos: DISMINUCION DE LA AGUDEZA AUDITIVA <br>";;;"Modalidad: Convencional/Presencial<br>Causa Externa: Enfermedad general<br><CIE10-2>CIE10</b><br>G430&nbsp;,&nbsp;</CIE10-2><br><CIE10-2>Tipo de Diagnostico</b><br>Clinico&nbsp;,&nbsp;</CIE10-2><br>DCIE10: GASTRITIS, HTA,  INCONTINENCIA URINARIA,  ARTROSIS <br>";"Impresion : PACIENTE AÑOSA DE 97 AÑOS DEPENDIENTE DE SU ABCD, CON DISMUNUCION DE LA AGUDEZA VISUSAL Y LIMITACION PARA LA DEAMBULACION POR DOLOR, ADEMAS DE INCONTINENCIA URINARIA Y DEMENCIA SENIL,  EN EL MOMENTO CURSANDO CON CUADRO MIGRAÑOSO, ASOCIADO A INTENSIFICACION DEL DOLOR ARICUALR CON PREDOMINIO EN ROILLAS, POR LO QUE SE INDICA MANEJO ANALGESICO, SE EXPLICA AL ACOMPAÑANTE, QUE LOS DEMAS SINTOMAS, SON SECUNDARIOS A SU CURSO NATURAL DE VIDA POR LO QUE SE INDICA QUE LA PACIENTE POR SUS LIMITACIONES DEBE PERMANECER ACOMPAÑADA,  ADEMAS SE DAN RECOMENDACIONES SOBRE ESTILOS DE VIDA SALUDABLES.  SE DA ORDEN PARA VALORACION POR OFTALMOLOGIA <br>";"Plan de Manejo : ZALDIAR 1 TAB CADA 8 HORAS 
ESOMEPRAZOL 40 MG CADA DIA EN AYUNO 
CONTINUAR CON MANEJO ANTIHIPERTENSIVO <br>";;;"0";NULL;NULL;NULL;;;;;"0";NULL;NULL;"0";NULL
"11";"2022-12-09 13:27:13";"2";"1";"Nombre Acudiente: CLIMACO ABAD SANCHEZ JORDAN <br>Parentesco Acudiente: Hijos<br>";"Tipo de Consulta: Otro<br>Motivo de Consulta: HA ESTADO MUY DECAIDA <br>Enfermedad Actual: PACIENTE DE 97 AÑOS QUIEN CONSULTA EN COMPAÑIA DEL HIJO POR PRESENTAR CUADRO CLINICO DE VARIOS DIAS DE EVOLUCICON CONSIENTENTE EN MALESTAR GENERAL, ASOIAOD A CEFALEA ,  DOLOR EN CADERAS Y RODILLAS, EL HIJO REFIERE ADEMAS  QUE SE LE OLVIDAN LAS COSAS, QUE SE ESTA CHOCANDO PORQUE NO VE  Y QUE ESTA PRESENTANDO INCONTINENCIA , NIEGAN OTROS SINTOMAS.<br>";"<b>Esferas Afectadas</b>:<br>OSTEOPOROSIS,
GLAUCOMA,
HTA,
ARTROSIS<br>";"Embarazos: 12<br>Partos: 12<br>";;;"Peso Corporal: 90<br>Altura: 176<br>IMC: 29.05<br>Frecuencia Respiratoria: 16<br>Frecuencia Cardiaca: 87<br>Presion Arterial Diastolica: 94<br>Presion Arterial Sistolica: 145<br>Temperatura Corporal: 36<br>Saturacion Oxigeno: 98<br>";;;;"<b>Cabeza</b>:<br>Normal<br><b>Cuello</b>:<br>Normal<br><b>Torax</b>:<br>Normal<br>TORAX SIMETRICO, MURMULLO VESICULAR DISMINUIDO NO AGREGADOS, RUIDOS CARDIACOS RITMICOS DE BUENA INTENSIDAD SIN SOPLOS NI S3<br><b>Abdomen</b>:<br>Anormal<br>GLOBOSOS BLANDO DEPRESIBLE, DOLOROSO EN  EPIGASTRIO NO SIGNOS DE IRRITACION PERITONEAL<br><b>Neurologico</b>:<br>Normal<br>SIN DEFICIT MOTOR O SENSITIVO APARENTE <br><b>Extremidades</b>:<br>Anormal<br>EDEMA E INFLAMACION EN EN RODILLAS 
DOLOR EN CADERAS <br><b>Piel y Faneras</b>:<br>Normal<br>";"Ojos: DISMINUCION MARACDA DE LA AGUDEZA VISUAL, VISISON BULTOS <br>Oidos: DISMINUCION DE LA AGUDEZA AUDITIVA <br>";;;"Modalidad: Convencional/Presencial<br>Causa Externa: Enfermedad general<br><CIE10-2>CIE10</b><br>G430&nbsp;,&nbsp;</CIE10-2><br>Fecha: 2022-12-07<br><CIE10-2>Tipo de Diagnostico</b><br>Clinico&nbsp;,&nbsp;No Aplica&nbsp;,&nbsp;</CIE10-2><br>DCIE10: GASTRITIS, HTA,  INCONTINENCIA URINARIA,  ARTROSIS <br>";"Impresion : PACIENTE AÑOSA DE 97 AÑOS DEPENDIENTE DE SU ABCD, CON DISMUNUCION DE LA AGUDEZA VISUSAL Y LIMITACION PARA LA DEAMBULACION POR DOLOR, ADEMAS DE INCONTINENCIA URINARIA Y DEMENCIA SENIL,  EN EL MOMENTO CURSANDO CON CUADRO MIGRAÑOSO, ASOCIADO A INTENSIFICACION DEL DOLOR ARICUALR CON PREDOMINIO EN ROILLAS, POR LO QUE SE INDICA MANEJO ANALGESICO, SE EXPLICA AL ACOMPAÑANTE, QUE LOS DEMAS SINTOMAS, SON SECUNDARIOS A SU CURSO NATURAL DE VIDA POR LO QUE SE INDICA QUE LA PACIENTE POR SUS LIMITACIONES DEBE PERMANECER ACOMPAÑADA,  ADEMAS SE DAN RECOMENDACIONES SOBRE ESTILOS DE VIDA SALUDABLES.  SE DA ORDEN PARA VALORACION POR OFTALMOLOGIA <br>";"Plan de Manejo : ZALDIAR 1 TAB CADA 8 HORAS 
ESOMEPRAZOL 40 MG CADA DIA EN AYUNO 
CONTINUAR CON MANEJO ANTIHIPERTENSIVO <br>";;;"0";NULL;NULL;NULL;;;;;"0";NULL;NULL;"0";NULL
"12";"2023-07-10 13:20:59";"29";"1";;;;;;;;;;;;;;;;;;;;"0";NULL;NULL;NULL;;;;;"0";NULL;NULL;"0";NULL
"13";"2023-07-10 13:28:47";"29";"1";;;;;;;;;;;;;;;;;;"<b>Incapacidades #1</b>:<br>Area Tratamiento : CONSULTA EXTERNA <br>Recurrencia : Unica<br>Fecha Inicial Incapacidad : 2023-07-10<br>Fecha Final Incapacidad : 2023-07-11<br>Comentarios : PACIENTE FEMENINA EN PRIMER DIA POST DE PROCEDIMIENTO MINI EXTRACCION LIPIDICA AMBULATORIA (MELA), CON DOLOR EN REGION INTERVENIDAD (ABDOMEN ALTO Y BAJO Y REGION DE FLANCOS), SE DA INCAPACIDAD MEDICA POR 2 DIAS <br>";;"0";NULL;NULL;NULL;;;;;"0";NULL;NULL;"0";NULL
"14";"2023-07-10 13:31:28";"29";"1";;;;;;;;;;;;;;;;;;"<b>Incapacidades #1</b>:<br>Area Tratamiento : CONSULTA EXTERNA <br>Recurrencia : Unica<br>Fecha Inicial Incapacidad : 2023-07-10<br>Fecha Final Incapacidad : 2023-07-11<br>Comentarios : PACIENTE FEMENINA EN PRIMER DIA POST DE PROCEDIMIENTO MELA CON DOLOR EN REGION ABDOMINAL Y FLANCOS SE DECIDE 2 DIAS DE INCAPACIDAD MEDICA.<br>";;"0";NULL;NULL;NULL;;;;;"0";NULL;NULL;"0";NULL
"15";"2023-08-01 19:46:09";"30";"1";;"Tipo de Consulta: Control<br>";;;;;;;;;;;;;;;;"<b>Incapacidades #1</b>:<br>Area Tratamiento : MEDICINA GENERAL <br>Recurrencia : Unica<br>Fecha Inicial Incapacidad : 2023-08-01<br>Fecha Final Incapacidad : 2023-08-02<br>Comentarios : PACIENTE CON CUADRO MIGRAÑOSO, SE DA INCAPACIDAD MEDICA <br>";;"0";NULL;NULL;NULL;;;;;"0";NULL;NULL;"0";NULL
"16";"2023-08-01 19:46:12";"30";"1";;"Tipo de Consulta: Control<br>";;;;;;;;;;;;;;;;"<b>Incapacidades #1</b>:<br>Area Tratamiento : MEDICINA GENERAL <br>Recurrencia : Unica<br>Fecha Inicial Incapacidad : 2023-08-01<br>Fecha Final Incapacidad : 2023-08-02<br>Comentarios : PACIENTE CON CUADRO MIGRAÑOSO, SE DA INCAPACIDAD MEDICA <br>";;"0";NULL;NULL;NULL;;;;;"0";NULL;NULL;"0";NULL
"17";"2023-10-04 15:36:12";"5";"3";"Nombre Acudiente: SSSSSSSSS<br>Parentesco Acudiente: Padre<br>Teléfono Acudiente: D<br>Médico que remite: DDDDDDDDDDDDDDDDDDDD<br>";"Tipo de Consulta: Control<br>Nombre de la Consulta: DDDDDDD<br>Motivo de Consulta: DDDDDDDDDDD<br>Enfermedad Actual: DDDDDDDDDDDDDDDDDD<br>";;;;;;;;;;;;;;;;;;"0";NULL;NULL;NULL;"C476";" ";" ";" ";"0";;;"0";"2023-10-04"
"18";"2023-12-21 15:16:03";"58";"1";;"Tipo de Consulta: Primera vez<br>Nombre de la Consulta: CONSULTA DOMICILIARIA <br>Motivo de Consulta: ME DUELE MUCHO LA CADERA, LA ESPALDA Y SE ME HINCHO EL PIE <br>Enfermedad Actual: PACIENTE DE 64 AÑOS DE EDAD, DOCENTE, INDEPENDIENTE PARA LA SU ABCD, PERO CON USO DE BASTON POR ANTECDENTE DE DISTROFIA MUSCULAR,  QUIEN SOLICITA EL SERVICICO DE MDICINA EN CASA, REFIRIENDO DOLOR INTENSO EN CADERAS, Y EN REIGION ESCAPULAR,  CON LIMITACION PARA  LA  DEAMBULACION, POR DOLOR Y DEBILIDAD, REFIERE EDEMA EN MIEMBROS INFERIORES Y DOLOR MUSCULAR GENERALIZADO, ANTECDENTE DE HTA Y DISTROFIA MUSCULAR  EN MANEJO POR NEUROLOGIA Y FISIATRIA ULTIMO CONTROL HACE UN AÑO, PACIENTE EN EL MOMENTO NIEGA OTROS SINTOMAS. <br>";"<b>Esferas Afectadas</b>:<br>DISTROFIA MUSCULAR EN CADERA Y ESCAPULA AUTOSOMICA DOMINANTE 
GLAUCOMA 
HTA <br>";;;;"Peso Corporal: 65<br>Altura: 156<br>IMC: 26.71<br>Frecuencia Respiratoria: 16<br>Frecuencia Cardiaca: 98<br>Presion Arterial Sistolica: 132<br>Presion Arterial Diastolica: 86<br>Tension Arterial Media: 101.33<br>Temperatura Corporal: 36<br>Saturacion Oxigeno: 98<br>";;;;"<b>Tórax</b>:<br>Normal<br>SIMETRICO, SIN RETRACCIONES, NO SE AUSCULTAN SOBREAGREGADOS PULMONARES <br><b>Neurológico</b>:<br>Anormal<br>DOLOR A NIVEL DE LAS CADERAS, CON DISMINUCION DE LA FURZA MUSCULAR, SENSIBILIDAD CONSERVADA <br><b>Extremidades</b>:<br>Anormal<br>MIEMBROS INFERIORES EDEMATIZADOS SIN FOVEA <br>";;;;;"Impresión : PACIENTE EN LA SEPTIMA DECADA DE LA VIDA CURSANDO CON DOLOR EN CADERAS, POR POSIBLE EXACERBACION DE SU PATOLOGIA DE BASE, POR LO QUE SE INDICA MANEJO ANALGESICO, SE DAN INTRUCCIONES Y RECOMENDACIONES, SE DA ORDEN PARA VALORACION POR NEUROLOGIA Y FISIATRIA. <br>";"Plan de Manejo : PACIENTE EN LA SEPTIMA DECADA DE LA VIDA CURSANDO CON DOLOR EN CADERAS, POR POSIBLE EXACERBACION DE SU PATOLOGIA DE BASE, POR LO QUE SE INDICA MANEJO ANALGESICO, SE DAN INTRUCCIONES Y RECOMENDACIONES, SE DA ORDEN PARA VALORACION POR NEUROLOGIA Y FISIATRIA E INCAPACIDAD MEDICA  POR 5 DIAS <br>";"<b>Incapacidades #1</b>:<br>Area Tratamiento : MEDICINA DOMICILIARIA <br>Recurrencia : Unica<br>Fecha Inicial Incapacidad : 2023-12-21<br>Fecha Final Incapacidad : 2023-12-25<br>Comentarios : GUARDAR RESPOSO, CAMINAR CON APOYO DE BASTON <br>";;"0";NULL;NULL;NULL;"G710";"I10X";"H409";" ";"2";;;"0";"2023-12-21"
"19";"2024-03-12 11:58:59";"60";"1";"Nombre Acudiente: DOCENTE <br>Parentesco Acudiente: Otro<br>";"Tipo de Consulta: Primera vez<br>Motivo de Consulta: SE CAYO MIENTRAS JUGAN MICRO<br>Enfermedad Actual: PACIENTE ESCOLAR QUIEN ASISTE L CONSULTORIO EN COMPAÑIA DE DOCENTE DE BACHILLERATO QUIENES REFIEREN QUE DURANTE LA CLASE ESTABAN JUGANDO Y ESTE SE ENREDA Y CAE CON POSTERIOR HERIDA  DE 5 CM CON SANGRADO ACTIVO A NIVEL DE POMULO IZQUIERDO Y  TRAUMA A NIVEL DE  MIEMBRO INFERIOR IZQUIERDO, SIN LIMITACION PARA LOS ARCOS DE MOVILIDAD NO SE OBSERVAN FRACTURAS. NIEGA TRAUMA EN CRANEO, NIEGA TRAUMA EN TORAX, NIEGA OTROS SINTOMAS <br>";;;;;"Peso Corporal: 56<br>Altura: 160<br>IMC: 21.87<br>Frecuencia Respiratoria: 17<br>Frecuencia Cardiaca: 74<br>Presion Arterial Sistolica: 110<br>Presion Arterial Diastolica: 60<br>Tension Arterial Media: 76.67<br>Temperatura Corporal: 36<br>Saturacion Oxigeno: 99<br>";;;;"<b>Cabeza</b>:<br>Anormal<br>HERIDA SANGRANTE EN POMULO IZQUIERDO DE 5 CM LA CUAL REQUIERE SUTURA <br><b>Tórax</b>:<br>Normal<br>NO DOLOR NO TRAUMA <br><b>Neurológico</b>:<br>Normal<br>GLASGOW 15/15 SIN DEFICIT MOTOR NI SENSITIVO <br><b>Extremidades</b>:<br>Anormal<br>DOLOR EN EXTREMIDAD IZQUIERDA SIN LIMITACION PARA LOS ARCOS DE MOVILIDAD <br>";;;;;"Impresión : HERIDA EN CARA 
TRAUMA EN EXTREMIDAD INFERIOR  IZQUIERDA<br>";"Plan de Manejo : SE PASA A SALA DE SUTURAS 
SE TRASLADA PACIENTE A SALA DE SUTURAS, DONDE OREVIA EXPLICACION DEL PROCEDIMIENTO SE REALIZA ASEPSIA Y ANTISEPSIA, SE INFILTRA LIDOCAINA 1.5 CC PARALELO A LA HERIDA SE LOGRA ANESTESIA LOCAL, SE REALIZAN 7 PUNTOS SIMPLES CON NYLON 5.0, SE LOGRA HEMOSTASIA, PACIENTE TOLERA PROCEDIMIENTO SIN COMPLICACIONES.
SE INDICA ALTA MEDICA CON FORMULA Y RECOMENDACIONES <br>";;;"0";NULL;NULL;NULL;"S019";"S898";" ";" ";"1";;;"0";"2024-03-07"
"20";"2024-03-12 13:31:07";"5";"1";"Nombre Acudiente: PRUEBA DE REGISTRO DE FECHA<br>Parentesco Acudiente: Madre<br>Teléfono Acudiente: PRUEBA DE REGISTRO DE FECHA<br>Médico que remite: PRUEBA DE REGISTRO DE FECHA<br>";"Tipo de Consulta: Control<br>Nombre de la Consulta: PRUEBA DE REGISTRO DE FECHA<br>Motivo de Consulta: PRUEBA DE REGISTRO DE FECHA<br>Enfermedad Actual: PRUEBA DE REGISTRO DE FECHA<br>";;;;;"Peso Corporal: 45<br>Altura: 12<br>IMC: 12<br>Perimetro Cefalico: 12<br>Frecuencia Respiratoria: 12<br>Frecuencia Cardiaca: 12<br>Presion Arterial Sistolica: 12<br>Presion Arterial Diastolica: 1<br>Tension Arterial Media: 21<br>Temperatura Corporal: 21<br>Saturacion Oxigeno: 12<br>Porcentaje de Grasa Corporal: 12<br>Circunferencia Abdominal: 12<br>Circunferencia de Cintura: 12<br>";;;;;"Ojos: PRUEBA DE REGISTRO DE FECHA<br>Oídos: PRUEBA DE REGISTRO DE FECHA<br>Lengua/Sabores: PRUEBA DE REGISTRO DE FECHA<br>";"Deseos: PRUEBA DE REGISTRO DE FECHA<br>Sed: PRUEBA DE REGISTRO DE FECHA<br>Transpiración: PRUEBA DE REGISTRO DE FECHA<br>Aversiones: PRUEBA DE REGISTRO DE FECHA<br>Calor Vital: PRUEBA DE REGISTRO DE FECHA<br>Sueños: PRUEBA DE REGISTRO DE FECHA<br>";;;"Impresión : PRUEBA DE REGISTRO DE FECHA<br>";"Plan de Manejo : PRUEBA DE REGISTRO DE FECHA
PRUEBA DE REGISTRO DE FECHA
PRUEBA DE REGISTRO DE FECHA
PRUEBA DE REGISTRO DE FECHA<br>";;;"0";NULL;NULL;NULL;"C474";"C475";"C474";"C474";"0";;;"0";"2024-03-12"
"21";"2024-03-12 15:45:40";"5";"1";;"Tipo de Consulta: Control<br>Nombre de la Consulta: PRUEBA DE IMPRESION DE HORA<br>Motivo de Consulta: PRUEBA DE IMPRESION DE HORA<br>Enfermedad Actual: PRUEBA DE IMPRESION DE HORA<br>";;;;;"Peso Corporal: 45<br>Altura: 12<br>IMC: 12<br>Perimetro Cefalico: 12<br>Frecuencia Respiratoria: 12<br>Frecuencia Cardiaca: 12<br>Presion Arterial Sistolica: 12<br>Presion Arterial Diastolica: 1<br>Tension Arterial Media: 21<br>Temperatura Corporal: 21<br>Saturacion Oxigeno: 12<br>Porcentaje de Grasa Corporal: 12<br>Circunferencia Abdominal: 12<br>Circunferencia de Cintura: 12<br>";;;;;"Ojos: PRUEBA DE IMPRESION DE HORA<br>Oídos: PRUEBA DE IMPRESION DE HORA<br>Lengua/Sabores: PRUEBA DE IMPRESION DE HORA<br>";"Deseos: PRUEBA DE IMPRESION DE HORA<br>Sed: PRUEBA DE IMPRESION DE HORA<br>Transpiración: PRUEBA DE IMPRESION DE HORA<br>Aversiones: PRUEBA DE IMPRESION DE HORA<br>Calor Vital: PRUEBA DE IMPRESION DE HORA<br>Sueños: PRUEBA DE IMPRESION DE HORA<br>";;;"Impresión : PRUEBA DE IMPRESION DE HORA<br>";"Plan de Manejo : PRUEBA DE IMPRESION DE HORA<br>";;;"0";NULL;NULL;NULL;"C476";" ";" ";" ";"0";;;"0";
