"id";"fecha";"cliente_id";"usuario_id";"InformacionAcudiente";"EnfermedadActual";"Checks_Antecedentes";"AntecentesGinecobstetricos";"AntecedentesFamiliares";"Checks_Revision";"SignosVitales";"Paraclinicos";"Imagenologia_Examen";"Laboratorio_Examenes";"ExamenFisico";"OrganoSentidos";"SintomasGenerales";"DiagnosticoAcupuntura";"DiagnosticoConsulta";"Impresion";"PlanManejo";"Incapacidades";"Insumos";"RecetaId";"tipoConsulta";"id_historia";"codigoConsulta";"CIE10_1";"CIE10_2";"CIE10_3";"CIE10_4"
"1";"2022-01-14 15:43:50";"1";"1";"Nombre Acudiente: sdasdasd<br>Parentesco Acudiente: Padre<br>";"Tipo de Consulta: Control<br>Nombre de la Consulta: dadas<br>Motivo de Consulta: dasdasd<br>Enfermedad Actual: asdas<br>";"<b>Esferas Afectadas</b>:<br>Metafisico<br>sdasdasdas<br><b>Patologicos</b>:<br>Hipertension Arterial<br>";;"<b>Antecedente Familiar #0</b>:<br>Parentesco: sdadasdas<br>Fecha Diagnostico: 2022-01-22<br><CIE10>CIE-10<br>A001&nbsp;,&nbsp;A011&nbsp;,&nbsp;</CIE10><br>Diagnostico: dasdasd<br>Comentarios: asdas<br>";"<b>Articular</b>:<br>Dolor articular rodilla Izq <br>Dolor mano Izq <br><b>Linfatico</b>:<br>Pérdida de peso <br>";"Peso Corporal: 40<br>Altura: 140<br>IMC: 20.41<br>";;"8,317,";"19,22,24,";"<b>Cabeza</b>:<br>Anormal<br>";"Ojos: asdas<br>Oidos: dasd<br>Lengua/Sabores: sd<br>";"Deseos: asdasd<br>Sed: dasdasd<br>Transpiracion: asd<br>Aversiones: d<br>Calor Vital: sadas<br>Sueños: asdas<br>";;;;;;;"1";NULL;NULL;NULL;"C495";"C496";"C495";"C494"
"2";"2022-01-17 11:44:20";"2";"1";;"Tipo de Consulta: Primera vez<br>Motivo de Consulta: RETIRO DE IMPLANTES, MASTOPEXIA CON AUTOPROTESIS Y LIPOESCULRA PAL, UAL Y BODYTITE<br>";"<b>Quirurgicos</b>:<br>MAMAS HACE 5 AÑOS<br><b>Alergicos</b>:<br>Penicilinas<br>AINES<br>";;;;;;;;;;;;;;"Plan de Manejo : RETIRO DE IMPLANTES, MASTOPEXIA CON AUTOPROTESIS, LIPOESCULTURA PAL, UAL, BODYTITE, DE ABDOMEN, FLANCOS, ESPALDA, ENTREPIERNAS Y LIPOTRANSFERENCIA. NINFOPLASTIA, RETIRO DE LUNARES EN CARA, BODYSCULPTING 10 SESIONES Y 3 SESIONES DE FORMA PLUS<br>";;;"0";NULL;NULL;NULL;" ";" ";" ";" "
"3";"2022-01-17 12:00:27";"2";"1";;;;;;;;;;;;;;;;;"Plan de Manejo : COSTO: 18.650 DOLARES.
<br>";;;"0";NULL;NULL;NULL;" ";" ";" ";" "
"4";"2022-01-17 12:25:13";"2";"1";;;;;;;;;;;;;;;;;"Plan de Manejo : COSTO: 21200 DOLARES.
RETIRO DE IMPLANTES, MASTOPEXIA CON AUTOPROTESIS, LIPOESCULTURA PAL, UAL, BODYTITE, DE ABDOMEN, FLANCOS, ESPALDA, ENTREPIERNAS Y LIPOTRANSFERENCIA. NINFOPLASTIA, RETIRO DE LUNARES EN CARA, BODYSCULPTING 10 SESIONES Y 3 SESIONES DE FORMA PLUS, 3 SESIONES DE MORPHEUS 8 
<br>";;;"0";NULL;NULL;NULL;" ";" ";" ";" "
"5";"2022-01-18 08:09:36";"1";"1";;;;;;;;;;;;;;;;;;;;"0";NULL;NULL;NULL;" ";" ";" ";" "
"6";"2022-01-18 08:15:21";"1";"1";;;;;;;;;;;;;;;;;;;;"0";NULL;NULL;NULL;" ";" ";" ";" "
"7";"2022-01-19 09:44:54";"4";"1";;;;;;;;;"394,";;;;;;;;;;;"0";NULL;NULL;NULL;" ";" ";" ";" "
"8";"2022-01-26 09:22:33";"7";"1";;"Tipo de Consulta: Control<br>Motivo de Consulta: Paciente operada por mi en el 2013 de MPA<br>";;;;;;;;;;;;;;;;;;"0";NULL;NULL;NULL;" ";" ";" ";" "
"9";"2022-01-26 09:24:04";"7";"1";;;;;;;;;"392,393,";;;;;;;;;;;"0";NULL;NULL;NULL;" ";" ";" ";" "
"10";"2022-01-26 09:35:46";"6";"1";;;;;;;;;"392,393,";;;;;;;;;;;"0";NULL;NULL;NULL;" ";" ";" ";" "
"11";"2022-01-26 09:45:56";"7";"1";;;;"Nacimientos: 1<br>Embarazos: 1<br>Cesareas: 1<br>";;;;;"392,393,";;;;;;;;;;;"0";NULL;NULL;NULL;" ";" ";" ";" "
"12";"2022-01-26 09:55:31";"7";"1";;;;;;;;;;;;;;;;;"Plan de Manejo : MAMOPLASTIA DE AUMENTO 350CC, REFACCIÓN DE CICATRIZ DE CESAREA<br>";;;"0";NULL;NULL;NULL;" ";" ";" ";" "
"13";"2022-01-26 15:35:27";"9";"1";;;"<b>Quirurgicos</b>:<br>Mamas<br>LIPO Y MPX EN T INVERTIDA 2011. CANCER DE MAMA HACE 7 AÑOS. MASTECTOM�?A TOTAL IZQUIERDA. IMPLANTE DE 600 CC. 350 EN LA DERECHA. NO QT NI RT<br>";;;;;;;;;;;;;;"Plan de Manejo : 2DO TIEMPO DE RECONSTRUCCIÓN MAMARIA: LIPOTRANSFERENCIA EN MAMA IZQUIERDA, RECONSTRUCCIÓN DE COMPLEJO AREOLA PEZON IZQUIERDO. MASTECTOM�?A TOTAL DERECHA CON INJERTO LIBRE DE COMPLEJO AREOLA PEZON DERECHO. BODYTITE EN AREAS DONANTES DE GRASA. IMPLANTES DE 425 CC<br>";;;"0";NULL;NULL;NULL;" ";" ";" ";" "
"14";"2022-01-26 15:36:02";"9";"1";;;;;;;;;"392,393,";;;;;;;;;;;"0";NULL;NULL;NULL;" ";" ";" ";" "
"15";"2022-01-31 09:53:31";"11";"1";;"Tipo de Consulta: Primera vez<br>Motivo de Consulta: AUMENTO DE MAMAS<br>Enfermedad Actual: HIPOTROFIA MAMARIA<br>";"<b>Toxicologicos</b>:<br>Tabaquismo<br>1 CAJA<br><b>Quirurgicos</b>:<br> Cirugía Abdominal<br>APENDICECTOMIA<br>";"Nacimientos: 2<br>Embarazos: 2<br>Partos: 2<br>";;;;;"392,";;;;;;;"Impresion : HIPOTROFIA MAMARIA<br>";"Plan de Manejo : MAMOPLASTIA DE AUMENTO SUBAREOLAR IMPLANTES 320/350<br>";;;"0";NULL;NULL;NULL;" ";" ";" ";" "
"16";"2022-01-31 10:49:57";"12";"1";;;;;;;;;;"390,";;;;;;;;;;"0";NULL;NULL;NULL;" ";" ";" ";" "
"17";"2022-02-02 16:44:13";"16";"1";;"Tipo de Consulta: Primera vez<br>Motivo de Consulta: RECONSTRUCCION MAMARIA<br>Enfermedad Actual: PACIENTE CON MASTECTOMIA TOTAÑ BILATERAL HACE UN AÑO. RECONSTRUCCIÓN INMEDIATA: IZQ CON DORSAL E IMPLANTE, DERECHA DIRECTA A IMPLANTE.<br>";;;;;;;;;;;;;;;"Plan de Manejo : SEGUNDO TIEMPO DE RECONSTRUCCIÓN MAMARIA: RECAMBIO DE IMPLANTES, REFACCIÓN DE BOLSILLOS, LIPOTRANSFERENCIA EN AMBAS MAMAS, RECONSTRUCCIÓN DE COMPLEJOS AREOLA-PEZON, MINIDERMO<br>";;;"0";NULL;NULL;NULL;" ";" ";" ";" "
"18";"2022-02-09 11:03:16";"20";"1";;;;;;;;;"392,";;;;;;;;;;;"0";NULL;NULL;NULL;" ";" ";" ";" "
"19";"2022-02-16 15:31:51";"28";"1";;;;;;;;;"392,";;;;;;;;;;;"0";NULL;NULL;NULL;" ";" ";" ";" "
"20";"2022-02-23 09:25:35";"31";"1";;;;;;;;;"392,";;;;;;;;;;;"0";NULL;NULL;NULL;" ";" ";" ";" "
"21";"2022-02-23 09:51:10";"32";"1";;;;;;;;;"392,";;;;;;;;;;;"0";NULL;NULL;NULL;" ";" ";" ";" "
"22";"2022-02-23 10:52:45";"34";"1";;;;;;;;;"392,";;;;;;;;;;;"0";NULL;NULL;NULL;" ";" ";" ";" "
"23";"2022-03-04 11:16:02";"36";"1";;;;;;;;;"392,";;;;;;;;;;;"0";NULL;NULL;NULL;" ";" ";" ";" "
"24";"2022-03-09 16:08:40";"46";"1";;;;;;;;;;"390,";;;;;;;;;;"0";NULL;NULL;NULL;" ";" ";" ";" "
"25";"2022-03-14 16:51:08";"52";"1";;;;;;;;;"392,";;;;;;;;;;;"0";NULL;NULL;NULL;" ";" ";" ";" "
"26";"2022-03-19 16:40:02";"57";"1";;;;;;;;;"396,";;;;;;;;;;;"0";NULL;NULL;NULL;" ";" ";" ";" "
"27";"2022-03-21 16:12:16";"58";"1";;;;;;;;;"392,";;;;;;;;;;;"0";NULL;NULL;NULL;" ";" ";" ";" "
"28";"2022-03-25 14:12:33";"60";"1";;;;;;;;;"392,";;;;;;;;;;;"0";NULL;NULL;NULL;" ";" ";" ";" "
"29";"2022-03-28 14:21:42";"63";"1";;;;;;;;;"392,";;;;;;;;;;;"0";NULL;NULL;NULL;" ";" ";" ";" "
"30";"2022-03-30 16:05:07";"66";"1";;;;;;;;;"392,";;;;;;;;;;;"0";NULL;NULL;NULL;" ";" ";" ";" "
"31";"2022-04-04 14:41:56";"62";"1";;;;;;;;;"394,";;;;;;;;;;;"0";NULL;NULL;NULL;" ";" ";" ";" "
"32";"2022-04-04 17:06:15";"71";"1";;;;;;;;;"394,";;;;;;;;;;;"0";NULL;NULL;NULL;" ";" ";" ";" "
"33";"2022-04-08 16:12:37";"73";"1";;;;;;;;;"392,";;;;;;;;;;;"0";NULL;NULL;NULL;" ";" ";" ";" "
"34";"2022-04-25 09:28:13";"76";"1";;;;;;;;;"391,392,";"390,";;;;;;;;;;"0";NULL;NULL;NULL;" ";" ";" ";" "
"35";"2022-04-25 16:20:35";"85";"1";;;;;;;;;"394,";;;;;;;;;;;"0";NULL;NULL;NULL;" ";" ";" ";" "
"36";"2022-05-13 15:07:54";"104";"1";;;;;;;;;"391,";"390,";;;;;;;;;;"0";NULL;NULL;NULL;" ";" ";" ";" "
"37";"2022-05-30 16:58:58";"121";"1";;;;;;;;;"394,";;;;;;;;;;;"0";NULL;NULL;NULL;" ";" ";" ";" "
"38";"2022-06-06 16:21:05";"124";"1";;;;;;;;;"392,";;;;;;;;;;;"0";NULL;NULL;NULL;" ";" ";" ";" "
"39";"2022-06-20 14:35:04";"133";"1";;;;;;;;;"396,";;;;;;;;;;;"0";NULL;NULL;NULL;" ";" ";" ";" "
"40";"2022-06-20 15:03:09";"134";"1";;;;;;;;;"392,";;;;;;;;;;;"0";NULL;NULL;NULL;" ";" ";" ";" "
"41";"2022-06-29 10:22:12";"143";"1";;;;;;;;;"394,";;;;;;;;;;;"0";NULL;NULL;NULL;" ";" ";" ";" "
"42";"2022-06-29 11:10:41";"146";"1";;;;;;;;;"392,";;;;;;;;;;;"0";NULL;NULL;NULL;" ";" ";" ";" "
"43";"2022-07-06 16:33:43";"156";"1";;;;;;;;;"394,";;;;;;;;;;;"0";NULL;NULL;NULL;" ";" ";" ";" "
"44";"2022-07-07 15:07:33";"157";"1";;;;;;;;;"392,";;;;;;;;;;;"0";NULL;NULL;NULL;" ";" ";" ";" "
"45";"2022-07-11 08:31:57";"162";"1";;;;;;;;;"394,";;;;;;;;;;;"0";NULL;NULL;NULL;" ";" ";" ";" "
"46";"2022-07-11 08:33:08";"162";"1";;;;;;;;;"394,";;;;;;;;;;;"0";NULL;NULL;NULL;" ";" ";" ";" "
"47";"2022-08-10 07:34:12";"177";"1";;;;;;;;;"392,";;;;;;;;;;;"0";NULL;NULL;NULL;" ";" ";" ";" "
"48";"2022-08-23 14:50:06";"179";"1";;;;;;;;;"394,";;;;;;;;;;;"0";NULL;NULL;NULL;" ";" ";" ";" "
"49";"2022-08-25 14:24:41";"184";"1";;;;;;;;;"392,";;;;;;;;;;;"0";NULL;NULL;NULL;" ";" ";" ";" "
"50";"2022-08-29 08:36:49";"186";"1";;;;;;;;;"392,";;;;;;;;;;;"0";NULL;NULL;NULL;" ";" ";" ";" "
"51";"2022-09-05 13:31:04";"194";"1";;;;;;;;;"392,";;;;;;;;;;;"0";NULL;NULL;NULL;" ";" ";" ";" "
"52";"2022-09-26 19:07:40";"226";"1";;;;;;;;;"394,";;;;;;;;;;;"0";NULL;NULL;NULL;" ";" ";" ";" "
"53";"2022-10-21 15:14:57";"240";"1";;;;;;;;;"392,";;;;;;;;;;;"0";NULL;NULL;NULL;" ";" ";" ";" "
"54";"2022-11-15 12:33:53";"248";"1";;;;;;;;;"392,";;;;;;;;;;;"0";NULL;NULL;NULL;" ";" ";" ";" "
"55";"2022-12-01 14:43:16";"255";"1";;;;;;;;;"394,";;;;;;;;;;;"0";NULL;NULL;NULL;" ";" ";" ";" "
"56";"2022-12-02 15:58:16";"256";"1";;;;;;;;;"392,";;;;;;;;;;;"0";NULL;NULL;NULL;" ";" ";" ";" "
"57";"2022-12-02 16:04:11";"256";"1";;;;;;;;;"398,";;;;;;;;;;;"0";NULL;NULL;NULL;" ";" ";" ";" "
"58";"2022-12-05 15:09:27";"258";"1";;;;;;;;;"392,";;;;;;;;;;;"0";NULL;NULL;NULL;" ";" ";" ";" "
"59";"2022-12-12 15:06:26";"260";"1";;;;;;;;;"394,";;;;;;;;;;;"0";NULL;NULL;NULL;" ";" ";" ";" "
"60";"2022-12-13 13:28:57";"263";"1";;;;;;;;;"394,";;;;;;;;;;;"0";NULL;NULL;NULL;" ";" ";" ";" "
"61";"2023-01-17 10:18:06";"278";"1";;;;;;;;;"394,";;;;;;;;;;;"0";NULL;NULL;NULL;" ";" ";" ";" "
"62";"2023-01-17 10:46:33";"278";"1";;;;;;;;;;;;;;;;;;;;"0";NULL;NULL;NULL;" ";" ";" ";" "
"63";"2023-01-17 10:46:51";"278";"1";;;;;;;;;"394,";;;;;;;;;;;"0";NULL;NULL;NULL;" ";" ";" ";" "
"64";"2023-01-17 16:51:40";"284";"1";;;;;;;;;"392,";;;;;;;;;;;"0";NULL;NULL;NULL;" ";" ";" ";" "
"65";"2023-01-25 10:29:39";"288";"1";;;;;;;;;"398,";;;;;;;;;;;"0";NULL;NULL;NULL;" ";" ";" ";" "
"66";"2023-01-26 10:58:29";"293";"1";;;;;;;;;"394,";;;;;;;;;;;"0";NULL;NULL;NULL;" ";" ";" ";" "
"67";"2023-02-02 15:04:53";"300";"1";;;;;;;;;"392,";;;;;;;;;;;"0";NULL;NULL;NULL;" ";" ";" ";" "
"68";"2023-02-02 16:29:05";"262";"1";;;;;;;;;"394,";;;;;;;;;;;"0";NULL;NULL;NULL;" ";" ";" ";" "
"69";"2023-02-08 11:11:14";"288";"1";;;;;;;;;"392,";;;;;;;;;;;"0";NULL;NULL;NULL;" ";" ";" ";" "
"70";"2023-04-28 09:30:16";"328";"1";;;;;;;;;"392,";;;;;;;;;;;"0";NULL;NULL;NULL;" ";" ";" ";" "
"71";"2023-05-23 12:44:13";"344";"1";;;;;;;;;"392,";;;;;;;;;;;"0";NULL;NULL;NULL;" ";" ";" ";" "
"72";"2023-09-18 13:12:08";"381";"1";;;;;;;;;"394,";"390,";;;;;;;;;;"0";NULL;NULL;NULL;" ";" ";" ";" "
"73";"2023-09-18 13:26:09";"381";"1";;;;;;;;;"394,";"390,";;;;;;;;;;"0";NULL;NULL;NULL;" ";" ";" ";" "
"74";"2023-10-07 09:46:16";"386";"1";;;;;;;;;"396,";;;;;;;;;;;"0";NULL;NULL;NULL;" ";" ";" ";" "
"75";"2023-10-07 10:06:37";"387";"1";;;;;;;;;"399,";;;;;;;;;;;"0";NULL;NULL;NULL;" ";" ";" ";" "
"76";"2023-10-17 19:55:15";"384";"1";;;;;;;;;;;;;;;;;;;;"0";NULL;NULL;NULL;" ";" ";" ";" "
"77";"2023-10-27 12:10:04";"390";"1";;;;;;;;;"394,395,";;;;;;;;;;;"0";NULL;NULL;NULL;" ";" ";" ";" "
"78";"2023-11-13 12:39:22";"397";"1";;;;;;;;;"394,";"390,";;;;;;;;;;"0";NULL;NULL;NULL;" ";" ";" ";" "
"79";"2023-11-13 12:40:25";"397";"1";;;;;;;;;"391,394,";"390,";;;;;;;;;;"0";NULL;NULL;NULL;" ";" ";" ";" "
"80";"2024-01-18 14:16:37";"408";"1";;;;;;;;;"394,";;;;;;;;;;;"0";NULL;NULL;NULL;" ";" ";" ";" "
"81";"2024-01-22 11:40:12";"409";"1";;;;;;;;;"392,396,";;;;;;;;;;;"0";NULL;NULL;NULL;" ";" ";" ";" "
"82";"2024-04-02 19:09:07";"424";"1";;;;;;;;;"392,";;;;;;;;;;;"0";NULL;NULL;NULL;" ";" ";" ";" "
"83";"2024-06-26 16:00:14";"464";"1";;;;;;;;;"398,";;;;;;;;;;;"0";NULL;NULL;NULL;" ";" ";" ";" "
"84";"2024-11-08 15:40:22";"545";"1";;;;;;;;;"394,";;;;;;;;;;;"0";NULL;NULL;NULL;" ";" ";" ";" "
