"cliente_id";"usuario_id";"nombre_cliente";"celular_cliente";"ciudad_cliente";"correo_cliente";"CODI_CLIENTE";"tipo_cliente";"fechar";"fecha_actualizado";"activo";"genero";"direccion_cliente";"telefono_cliente";"edad_cliente";"profesion_cliente";"acompananteFamiliar";"telefono_acompanante";"parentesco_acompanante";"antecedentes";"entidadSalud";"seguro";"nota";"alergias";"tiposSangre";"esDonante";"tomaMedicamento";"enfermedadesPequeno";"fotoperfil";"motivoConsulta";"fechaNacimiento";"peso";"altura";"imc";"ComposicionCorporal";"ap1";"ap2";"ap3";"ap4";"ap5";"ap6";"ap7";"ap8";"ap9";"cirugiasCuales";"cirugiasOtros";"whatsapp";"tipoUsuario";"estado";"sucursal";"ocupacion";"nacionalidad";"cod_entidad";"nombre";"apellido";"zona";"asignar";"primer_nombre";"segundo_nombre";"primer_apellido";"segundo_apellido";"genero_asignado";"nivel_educacion";"prepagada";"indicativo";"habeasdata";"codigo_pais";"codigo_departamento";"codigo_ciudad";"Usuario_Web";"Clave_Web";"cod_validacion";"entidad_id";"convenio_id";"Sindrome_Down"
"1";"1";"Prueba  Capacitacion ";;NULL;;"1";"CC";"2023-04-23 20:24:07";"2023-04-04 11:59:00";"1";"M";;;NULL;NULL;;;;NULL;NULL;NULL;;;;;;;"__2023-04-23_20-24-07__.png";NULL;"2000-04-04";NULL;NULL;NULL;NULL;"0";"0";"0";"0";"0";"0";"0";"0";"0";;NULL;"573163605342";"Particular";"Soltero(a)";;;;NULL;NULL;NULL;"Urbana";NULL;"Prueba";;"Capacitacion";;;;;"57";"Si";"CO";"11";"7236";"Prueba_1";"1";NULL;;NULL;"0"
"2";"1";"Eduardo Martinez";"573185734062";NULL;"martinez575@gmail.com";"6872866";"CE";"2023-04-23 11:47:57";"2023-04-23 11:47:57";"1";"M";NULL;NULL;NULL;NULL;NULL;NULL;NULL;NULL;NULL;NULL;NULL;NULL;NULL;NULL;NULL;NULL;NULL;NULL;"1988-11-30";NULL;NULL;NULL;NULL;"0";"0";"0";"0";"0";"0";"0";"0";"0";NULL;NULL;"573185734062";NULL;NULL;;NULL;NULL;NULL;NULL;NULL;NULL;NULL;"Eduardo";;"Martinez";;;;;"57";"Si";;;;;"0";NULL;"0";"0";"0"
"3";"1";"Prueba  Hoy ";"573163605342";NULL;"as@gmail.com";"455";"CE";"2023-06-26 15:14:43";"2023-06-09 18:15:44";"1";"F";;;NULL;NULL;;;;NULL;NULL;NULL;;;;;;;"3__2023-06-26_15-14-43__f9c3358d78c44b5858f841fb3eaa06c3--fitted-suits-zara-men.jpg";NULL;"2000-11-11";NULL;NULL;NULL;NULL;"0";"0";"0";"0";"0";"0";"0";"0";"0";;NULL;"584141765181";;"Soltero(a)";"1";;;NULL;NULL;NULL;"Urbana";NULL;"Prueba";;"Hoy";;;;;"58";"Si";"PR";;"Adjuntas";;"0";NULL;"1";"1";"0"
"4";"1";"Luis Enrique Sanchez Barrientos";"3148845573";NULL;"luis.sanchez.1399@gmail.com";"1438292";"PT";"2023-06-17 14:49:36";"2023-06-17 14:49:36";"1";"M";"CRa 11#188-72";"3148845573";NULL;NULL;"María Guerra";"3136322186";"conyugue";NULL;NULL;NULL;;"Rinitis alergica";;"No";"no";"Hipertensión abuela mataerna";NULL;NULL;"1999-07-13";NULL;NULL;NULL;NULL;"0";"1";"0";"0";"0";"0";"0";"1";"1";"Apendicectomia ";NULL;"573148845573";"Contributivo";"Union Libre";;"Desarrollador";"venezolana";NULL;NULL;NULL;"Urbana";NULL;"Luis";"Enrique";"Sanchez";"Barrientos";;"Tecnologica";;"57";"Si";"CO";"11";"7236";"Luis_4";"4";NULL;;NULL;"0"
