"id";"fecha";"cliente_id";"usuario_id";"InformacionAcudiente";"EnfermedadActual";"Checks_Antecedentes";"AntecentesGinecobstetricos";"AntecedentesFamiliares";"Checks_Revision";"SignosVitales";"Paraclinicos";"Imagenologia_Examen";"Laboratorio_Examenes";"ExamenFisico";"OrganoSentidos";"SintomasGenerales";"DiagnosticoAcupuntura";"DiagnosticoConsulta";"Impresion";"PlanManejo";"Incapacidades";"Insumos";"RecetaId";"tipoConsulta";"id_historia";"codigoConsulta";"CIE10_1";"CIE10_2";"CIE10_3";"CIE10_4";"receta_id";"imgEscalaTanner";"textEscalaTanner";"Ficha_Primera";"Ficha_Segunda";"Ficha";"Medidas";"Ficha_Tercera";"Ficha1";"Medidas1";"Ficha2";"Antes";"Durante";"Despues";"Img1";"Img2";"Img3";"Img4";"Img5";"Img6";"Img7"
"1";"2023-06-20 20:55:54";"3";"1";;;;;;;;;;;;;;;;;;;;"0";NULL;NULL;NULL;;;;;"0";;;"Lugar: lugar<br>Fecha: 2023-06-19<br>WS: ws<br>Email: email<br>Instagram: instagram<br>Otra Red: otra red<br>Referido por: referido por<br>Alergias: alergias<br>";"Paquete: paquete 1<br>Monto:  monto 1<br>Inicial: incial 1<br>Saldo: saldo 1<br>";"0: Array<br>";"Fecha: fecha<br>Busto: busto<br>Abd alto: ad alto<br>Cintura: cintura<br>Abd bajo: adb bajo<br>Cadera: cadera<br>MD: md<br>MI: mi<br>Hombros: hombros<br>Cuello: cuello<br>Peso: peso<br>";"Paquete: pauqte 2<br>Monto: monto 2<br>Inicial: incial 2<br>Saldo: saldo 2<br>";"0: Array<br>";"Fecha: fecha<br>Peso: peso<br>% Grasa: grasa<br>% Musculo: musculo<br>IMC: imc<br>MB: mb<br>GV: gv<br>";"0: Array<br>";NULL;NULL;NULL;NULL;NULL;NULL;NULL;NULL;NULL;NULL
"2";"2023-06-20 21:04:40";"3";"1";;;;;;;;;;;;;;;;;;;;"0";NULL;NULL;NULL;;;;;"0";;;;;;;;;;;NULL;NULL;NULL;NULL;NULL;NULL;NULL;NULL;NULL;NULL
"3";"2023-06-20 21:05:20";"3";"1";;;;;;;;;;;;;;;;;;;;"0";NULL;NULL;NULL;;;;;"0";;;;;"Tratamiento : tratamiento 1<br>Fecha : 2023-06-20<br>Firma Paciente : firma 1<br>Tratamiento : tratamiento 1.1<br>Fecha : 2023-06-20<br>Firma Paciente : firma 1.1<br>";;;"Tratamiento : tratamiento 2<br>Fecha : 2023-06-20<br>Firma Paciente : firma 2<br>Tratamiento : tratamiento 2.1<br>Fecha : 2023-06-20<br>Firma Paciente : firma 2.1<br>";;"Abonos : abonos<br>Fecha : 2023-06-21<br>Saldo : saldo<br>Observacion : observacion<br>Abonos : abonos 1<br>Fecha : 2023-06-20<br>Saldo : saldo 2<br>Observacion : observacion2 <br>";NULL;NULL;NULL;NULL;NULL;NULL;NULL;NULL;NULL;NULL
"4";"2023-06-20 21:06:34";"3";"1";;;;;;;;;;;;;;;;;;;;"0";NULL;NULL;NULL;;;;;"0";;;"Lugar: lugar<br>Fecha: 2023-06-19<br>WS: ws<br>Email: email<br>Instagram: instagram<br>Otra Red: otra red<br>Referido por: referido por<br>Alergias: alergias<br>";"Paquete: paquete 1<br>Monto:  monto 1<br>Inicial: incial 1<br>Saldo: saldo 1<br>";"Tratamiento : tratamiento 1<br>Fecha : 2023-06-20<br>Firma Paciente : firma 1<br>Tratamiento : tratamiento 1.1<br>Fecha : 2023-06-20<br>Firma Paciente : firma 1.1<br>";"Fecha: fecha<br>Busto: busto<br>Abd alto: ad alto<br>Cintura: cintura<br>Abd bajo: adb bajo<br>Cadera: cadera<br>MD: md<br>MI: mi<br>Hombros: hombros<br>Cuello: cuello<br>Peso: peso<br>";"Paquete: pauqte 2<br>Monto: monto 2<br>Inicial: incial 2<br>Saldo: saldo 2<br>";"Tratamiento : tratamiento 2<br>Fecha : 2023-06-21<br>Firma Paciente : firma 2<br>Tratamiento : tratamiento 2.1<br>Fecha : 2023-06-21<br>Firma Paciente : firma 2.1<br>";"Fecha: fecha<br>Peso: peso<br>% Grasa: grasa<br>% Musculo: musculo<br>IMC: imc<br>MB: mb<br>GV: gv<br>";"Abonos : abonos<br>Fecha : 2023-06-22<br>Saldo : saldo<br>Observacion : observacion<br>Abonos : abonos 1<br>Fecha : 2023-06-22<br>Saldo : saldo 2<br>Observacion : observacion2 <br>";NULL;NULL;NULL;NULL;NULL;NULL;NULL;NULL;NULL;NULL
"5";"2023-06-21 00:10:32";"3";"1";;;;;;;;;;;;;;;;;;;;"0";NULL;NULL;NULL;;;;;"0";;;"Lugar: lugar<br>Fecha: 2023-06-21<br>WS: ws<br>Email: email<br>Instagram: instagram<br>Otra Red: otra red<br>Referido por: referido por<br>Alergias: alergias<br>";"Paquete: paquete 1<br>Monto:  monto 1<br>Inicial: incial 1<br>Saldo: saldo 1<br>";"Tratamiento : tratamiento 1<br>Fecha : 2023-06-21<br>Firma Paciente : firma 1<br>";"Fecha: 2023-06-21<br>Busto: busto<br>Abd alto: ad alto<br>Cintura: cintura<br>Abd bajo: adb bajo<br>Cadera: cadera<br>MD: md<br>MI: mi<br>Hombros: hombros<br>Cuello: cuello<br>Peso: peso<br>";"Paquete: pauqte 2<br>Monto: monto 2<br>Inicial: incial 2<br>Saldo: saldo 2<br>";"Tratamiento : tratamiento 2<br>Fecha : 2023-06-21<br>Firma Paciente : firma 2<br>";"Fecha: 2023-06-21<br>Peso: peso<br>% Musculo: musculo<br>IMC: imc<br>MB: mb<br>GV: gv<br>";"Abonos : abonos<br>Fecha : 2023-06-21<br>Saldo : saldo<br>Observacion : observacion<br>";NULL;NULL;NULL;NULL;NULL;NULL;NULL;NULL;NULL;NULL
"6";"2023-06-21 00:36:27";"3";"1";;;;;;;;;;;;;;;;;;;;"0";NULL;NULL;NULL;;;;;"0";;;"Lugar: lugar<br>Fecha: 2023-06-21<br>WS: ws<br>Instagram: instagram<br>";;;;;;;;NULL;NULL;NULL;NULL;NULL;NULL;NULL;NULL;NULL;NULL
"7";"2023-06-23 15:22:03";"1";"1";;;;;;;;;;;;;;;;;;;;"0";NULL;NULL;NULL;;;;;"0";;;"Lugar: Consultorio<br>Fecha: 2023-06-23<br>WS: 3232<br>Email: a@gmail.com<br>Instagram: dsadas<br>Otra Red: dsda<br>Referido por: dsdas<br>Alergias: dsdsd<br>";"Paquete: cxcxzc<br>Monto: 150<br>Inicial: 150<br>Saldo: 14<br>";"Tratamiento : Tratamiento x<br>";;;;;;NULL;NULL;NULL;NULL;NULL;NULL;NULL;NULL;NULL;NULL
"8";"2023-06-23 15:23:36";"1";"1";;;;;;;;;;;;;;;;;;;;"0";NULL;NULL;NULL;;;;;"0";;;"Lugar: Consultorio<br>Fecha: 2023-06-23<br>WS: 3232<br>Email: a@gmail.com<br>Instagram: dsadas<br>Otra Red: dsda<br>Referido por: dsdas<br>Alergias: dsdsd<br>";"Paquete: cxcxzc<br>Monto: 150<br>Inicial: 150<br>Saldo: 14<br>";"Tratamiento : Tratamiento x<br>Fecha : 2023-06-23<br>Firma Paciente : Firma<br>Tratamiento : Tratamiento v<br>Fecha : 2023-06-23<br>Firma Paciente : FIRMA2<br>";"Fecha: 2023-06-23<br>Busto: 15<br>Abd alto: 1<br>Cintura: 1<br>Abd bajo: 1<br>Cadera: 1<br>MD: 1<br>MI: 1<br>Hombros: 1<br>Cuello: 1<br>Peso: 1<br>";"Paquete: 1<br>Monto: 1<br>Inicial: 1<br>Saldo: 1<br>";"Tratamiento : 1<br>Fecha : 2023-06-23<br>Firma Paciente : SDSDSD<br>Tratamiento : 2<br>Fecha : 2023-06-23<br>Firma Paciente : DSDSDS<br>";"Fecha: 2023-06-23<br>Peso: 15<br>% Grasa: 15<br>% Musculo: 15<br>IMC: 15<br>MB: 15<br>GV: 1<br>";"Abonos : 2<br>Fecha : 2023-06-23<br>Saldo : 15000<br>Observacion : 155454<br>Abonos : 2<br>Fecha : 2023-06-23<br>Saldo : 323<br>Observacion : GSGSDGDSG<br>";NULL;NULL;NULL;NULL;NULL;NULL;NULL;NULL;NULL;NULL
"9";"2023-06-26 10:32:20";"3";"1";;;;;;;;;;;;;;;;;;;;"0";NULL;NULL;NULL;;;;;"0";;;"Lugar: lugar<br>Fecha: 2023-06-26<br>WS: ws<br>Email: email<br>Instagram: instagram<br>Otra Red: otra red<br>Referido por: referido por<br>Alergias: alergias<br>";"Paquete: 1<br>Monto: 2<br>Inicial: 3<br>Saldo: 4<br>";"Tratamiento : tratamiento 1<br>Fecha : 2023-06-26<br>Firma Paciente : firma 1<br>";"Fecha: 2023-06-26<br>Busto: busto<br>Abd alto: ad alto<br>Cintura: cintura<br>Abd bajo: adb bajo<br>Cadera: cadera<br>MD: md<br>MI: mi<br>Hombros: hombros<br>Cuello: cuello<br>Peso: peso<br>";"Paquete: pauqte 2<br>Monto: monto 2<br>Inicial: incial 2<br>Saldo: saldo 2<br>";"Tratamiento : tratamiento 2<br>Fecha : 2023-06-26<br>Firma Paciente : firma 2<br>";"Fecha: 2023-06-26<br>Peso: peso<br>% Grasa: grasa<br>% Musculo: musculo<br>IMC: imc<br>MB: mb<br>GV: gv<br>";"Abonos : abonos<br>Fecha : 2023-06-26<br>Saldo : saldo<br>Observacion : observacion<br>";NULL;NULL;NULL;NULL;NULL;NULL;NULL;NULL;NULL;NULL
"10";"2023-06-26 10:33:47";"3";"1";;;;;;;;;;;;;;;;;;;;"0";NULL;NULL;NULL;;;;;"0";;;"Lugar: lugar<br>Fecha: 2023-06-26<br>WS: ws<br>Email: email<br>Instagram: instagram<br>Otra Red: otra red<br>Referido por: referido por<br>Alergias: alergias<br>";"Paquete: 1<br>Monto: 2<br>Inicial: 3<br>Saldo: 4<br>";"Tratamiento : tratamiento 1<br>Fecha : 2023-06-26<br>Firma Paciente : firma 1<br>";"Fecha: 2023-06-26<br>Busto: busto<br>Abd alto: ad alto<br>Cintura: cintura<br>Abd bajo: adb bajo<br>Cadera: cadera<br>MD: md<br>MI: mi<br>Hombros: hombros<br>Cuello: cuello<br>Peso: peso<br>";"Paquete: pauqte 2<br>Monto: monto 2<br>Inicial: incial 2<br>Saldo: saldo 2<br>";"Tratamiento : tratamiento 2<br>Fecha : 2023-06-26<br>Firma Paciente : firma 2<br>";"Fecha: 2023-06-26<br>Peso: peso<br>% Grasa: grasa<br>% Musculo: musculo<br>IMC: imc<br>MB: mb<br>GV: gv<br>";"Abonos : abonos<br>Fecha : 2023-06-26<br>Saldo : saldo<br>Observacion : observacion<br>";NULL;NULL;NULL;NULL;NULL;NULL;NULL;NULL;NULL;NULL
"11";"2023-06-26 10:35:46";"3";"1";;;;;;;;;;;;;;;;;;;;"0";NULL;NULL;NULL;;;;;"0";;;"Lugar: lugar<br>Fecha: 2023-06-26<br>WS: ws<br>Email: email<br>Instagram: instagram<br>Otra Red: otra red<br>Referido por: referido por<br>Alergias: alergias<br>";"Paquete: 1<br>Monto: 2<br>Inicial: 3<br>Saldo: 4<br>";"Tratamiento : tratamiento 1<br>Fecha : 2023-06-26<br>Firma Paciente : firma 1<br>";"Fecha: 2023-06-26<br>Busto: busto<br>Abd alto: ad alto<br>Cintura: cintura<br>Abd bajo: adb bajo<br>Cadera: cadera<br>MD: md<br>MI: mi<br>Hombros: hombros<br>Cuello: cuello<br>Peso: peso<br>";"Paquete: pauqte 2<br>Monto: monto 2<br>Inicial: incial 2<br>Saldo: saldo 2<br>";"Tratamiento : tratamiento 2<br>Fecha : 2023-06-26<br>Firma Paciente : firma 2<br>";"Fecha: 2023-06-26<br>Peso: peso<br>% Grasa: grasa<br>% Musculo: musculo<br>IMC: imc<br>MB: mb<br>GV: gv<br>";"Abonos : abonos<br>Fecha : 2023-06-26<br>Saldo : saldo<br>Observacion : observacion<br>";NULL;NULL;NULL;NULL;NULL;NULL;NULL;NULL;NULL;NULL
"12";"2023-06-26 10:39:14";"3";"1";;;;;;;;;;;;;;;;;;;;"0";NULL;NULL;NULL;;;;;"0";;;"Lugar: lugar<br>Fecha: 2023-06-26<br>WS: ws<br>";;;;;;;;"abstract-medical-concept-with-molecule-pattern-background-free-vector.jpg";"GettyImages-693893643-medical-expense-tax-deduction-2400x1440.jpg";"depositphotos_23805509-stock-photo-medicine-doctor-hands-working-with.jpg";"shutterstock_683522173.jpg";"images.jpeg";"pexels-pixabay-40568.jpg";"abstract-medical-concept-with-molecule-pattern-background-free-vector.jpg";"GettyImages-693893643-medical-expense-tax-deduction-2400x1440.jpg";"depositphotos_23805509-stock-photo-medicine-doctor-hands-working-with.jpg";"shutterstock_683522173.jpg"
"13";"2023-06-26 10:41:27";"3";"1";;;;;;;;;;;;;;;;;;;;"0";NULL;NULL;NULL;;;;;"0";;;"Lugar: lugar<br>Fecha: 2023-06-26<br>WS: ws<br>Email: email<br>Instagram: instagram<br>Otra Red: otra red<br>Referido por: referido por<br>";"Paquete: paquete 1<br>Monto:  monto 1<br>Inicial: incial 1<br>Saldo: saldo 1<br>";"Tratamiento : tratamiento 1<br>Fecha : 2023-06-26<br>Firma Paciente : firma 1<br>";"Fecha: 2023-06-26<br>Busto: busto<br>Abd alto: ad alto<br>Cintura: cintura<br>Abd bajo: adb bajo<br>Cadera: cadera<br>MD: md<br>MI: mi<br>Hombros: hombros<br>Cuello: cuello<br>Peso: peso<br>";"Paquete: pauqte 2<br>Monto: monto 2<br>Inicial: incial 2<br>Saldo: saldo 2<br>";"Tratamiento : tratamiento 2<br>Fecha : 2023-06-26<br>Firma Paciente : firma 2<br>";"Fecha: 2023-06-26<br>Peso: peso<br>% Grasa: grasa<br>% Musculo: musculo<br>IMC: imc<br>MB: mb<br>GV: gv<br>";"Abonos : abonos<br>Fecha : 2023-06-26<br>Saldo : saldo<br>Observacion : observacion<br>";"abstract-medical-concept-with-molecule-pattern-background-free-vector.jpg";"GettyImages-693893643-medical-expense-tax-deduction-2400x1440.jpg";"depositphotos_23805509-stock-photo-medicine-doctor-hands-working-with.jpg";"shutterstock_683522173.jpg";"images.jpeg";"pexels-pixabay-40568.jpg";"abstract-medical-concept-with-molecule-pattern-background-free-vector.jpg";"GettyImages-693893643-medical-expense-tax-deduction-2400x1440.jpg";"depositphotos_23805509-stock-photo-medicine-doctor-hands-working-with.jpg";"shutterstock_683522173.jpg"
"14";"2023-06-26 15:31:15";"4";"1";;;;;;;;;;;;;;;;;;;;"0";NULL;NULL;NULL;;;;;"0";;;;;;;;;;;"f9c3358d78c44b5858f841fb3eaa06c3--fitted-suits-zara-men.jpg";"f9c3358d78c44b5858f841fb3eaa06c3--fitted-suits-zara-men.jpg";"f9c3358d78c44b5858f841fb3eaa06c3--fitted-suits-zara-men.jpg";;;;;;;
