"id";"fecha";"cliente_id";"usuario_id";"InformacionAcudiente";"EnfermedadActual";"Checks_Antecedentes";"AntecentesGinecobstetricos";"AntecedentesFamiliares";"Checks_Revision";"SignosVitales";"Paraclinicos";"Imagenologia_Examen";"Laboratorio_Examenes";"ExamenFisico";"OrganoSentidos";"SintomasGenerales";"DiagnosticoAcupuntura";"DiagnosticoConsulta";"Impresion";"PlanManejo";"Incapacidades";"Insumos";"RecetaId";"tipoConsulta";"id_historia";"codigoConsulta";"CIE10_1";"CIE10_2";"CIE10_3";"CIE10_4";"receta_id";"imgEscalaTanner";"textEscalaTanner"
"1";"2023-04-04 12:16:11";"1";"1";;"Tipo de Consulta: Primera vez<br>Motivo de Consulta: 02/11/2022Lorem ipsum dolor sit amet, consectetur adipiscing elit. Quisque quis tempus eros. Suspendisse potenti. Sed efficitur egestas sapien ut molestie. Mauris sollicitudin mi odio, quis sagittis mauris aliquet sed. In at eros efficitur, feugiat turpis et, ullamcorper felis. Maecenas ut porttitor sem. Ut ac nunc consequat, semper eros nec, finibus sem. Mauris malesuada tempus ligula, efficitur bibendum mauris rutrum ac. Sed bibendum dolor ipsum, quis sodales ante hendrerit ut. Donec id tellus varius, maximus quam a, tincidunt ante. Quisque tincidunt tincidunt tincidunt. Proin varius nulla libero, vitae bibendum massa placerat nec. Quisque sollicitudin dapibus ultrices. Cras maximus finibus mi, eget malesuada libero rutrum sit amet. Donec id pellentesque enim. Donec quis tellus vitae enim maximus consequat.

Proin ac nibh turpis. Suspendisse at mattis lectus. Cras fermentum auctor dui, in elementum lacus. Cras feugiat eros nisl, at placerat turpis commodo eu. Sed finibus ligula tincidunt fringilla porttitor. Aliquam mauris elit, pretium vel fermentum in, lacinia suscipit risus. Integer sodales et ipsum nec luctus. Phasellus lectus magna, finibus vitae cursus sit amet, blandit a eros. Cras enim leo, accumsan vel consequat quis, lacinia at nunc. Cras finibus laoreet urna in facilisis. Sed quis quam vitae ligula molestie varius eu sit amet massa.

12312312wqeqweqweqwe<br>Enfermedad Actual: Enfermedad actual<br>";;;;;"Peso Corporal: 10<br>Altura: 20<br>IMC: 250.00<br>";;"8,317,390,";"17,19,";;;;;;"Impresion : Prueba impresion<br>";;"<b>Incapacidades #1</b>:<br>Area Tratamiento : Capacitacion<br>Recurrencia : Unica<br>Fecha Inicial Incapacidad : 2023-04-03<br>Fecha Final Incapacidad : 2023-04-07<br>Comentarios : prueba comentario<br>";;"0";NULL;NULL;NULL;"K028";" ";" ";" ";"1";;
