"ID";"cliente_id";"usuario_id";"Fecha";"Hora";"motivoConsulta";"diagnostico";"tratamiento";"notas";"recipe";"incapacidades";"cie10";"prestaciones";"rSistema";"enfermedadActual";"acompananteFamiliar";"telefono_acompanante";"paraClinicos";"remision";"diagnosticoMsalud";"comoTomarlo";"antecedentes";"prematuro";"edadGestacionalCompleta";"edadGestacional";"SemanasPrematuriedad";"edadCronologica";"semPrematuriedad";"edadCorregida";"antecedentes_cardio";"patologicos_cardio";"nopatologicos_cardio";"antecedentesPers";"antecedentesFami";"analisis";"receta";"paticas_id";"notaRP";"estadoCorporal";"medicoAtendio"
"1";"1";"1";"2023-07-06";"18:23:13";"Motivo consulta";"diferenciales";;"notas";;;;NULL;"<br>revision";;;;;;;;NULL;NULL;NULL;NULL;NULL;NULL;NULL;NULL;NULL;NULL;NULL;": antecedentes ";;;"1";"1";" Tomar";"2";"medico"
"2";"22";"7";"2023-08-09";"13:26:36";"Inapetencia";;;;;;;NULL;"<br>";;;;;;;;NULL;NULL;NULL;NULL;NULL;NULL;NULL;NULL;NULL;NULL;NULL;;;;"1";"22";" ";"3/5";"fabian jimenez"
"3";"22";"7";"2023-08-10";"15:18:10";;;;;;;;NULL;"<br>";;;;;;;;NULL;NULL;NULL;NULL;NULL;NULL;NULL;NULL;NULL;NULL;NULL;;;;"2";"22";" ";;"fabian jimenez"
"4";"36";"7";"2023-08-14";"18:47:43";"Hace unos d&iacute;as lo mande a ba&ntilde;ar y me dijeron que tenia otitis";"otitis media 
otitis externa
pulicosis
sarna demodexica";;;;;;NULL;"<br>oido izquierdo con ruborizacion, dolor leve, e incremento en el cerumen
DAP";;;;;;;;NULL;NULL;NULL;NULL;NULL;NULL;NULL;NULL;NULL;NULL;NULL;;;;"1";"41";" ";"3/5";"fabian jimenez"
"5";"39";"7";"2023-08-17";"10:29:25";"Control general para evaluar el estado del higado";"higado graso
hepatomeglia
colecistitis";;;;;;NULL;"<br>";;;;;;;;NULL;NULL;NULL;NULL;NULL;NULL;NULL;NULL;NULL;NULL;NULL;": hepatopatia leve  ";;;"1";"44";" ";"3/5";"fabian jimenez"
"6";"22";"7";"2023-08-17";"12:02:15";;;;;;;;NULL;"<br>";;;;;;;;NULL;NULL;NULL;NULL;NULL;NULL;NULL;NULL;NULL;NULL;NULL;;;;"3";"22";" PREVICOX TBLETA 57 MG
SUMINISTRAR VIA ORAL 1 TABLETA CADA 24 HORAS DURANTE 6 DIAS";;"fabian jimenez"
"7";"22";"7";"2023-08-17";"12:15:11";"DFDHHDFH";;;;;;;NULL;"<br>";;;;;;;;NULL;NULL;NULL;NULL;NULL;NULL;NULL;NULL;NULL;NULL;NULL;;;;"3";"22";" MELOXICAM TABLETA 2 MG
SUMINISTRAR VIA ORAL 1 TABLETA CADA 24 HORAS POR 4 DIAS";;"fabian jimenez"
"8";"46";"7";"2023-08-21";"14:24:22";"Hace un momento se peleo con la hermana que es una siberian husky  y le lesiono el ojito ";"Glaucoma
Ulcera corneal
Proptosis";;;;;;NULL;"<br>";;;;;;;;NULL;NULL;NULL;NULL;NULL;NULL;NULL;NULL;NULL;NULL;NULL;;;;"1";"52";" ";"4/5";"fabian jimenez"
"9";"46";"7";"2023-08-21";"14:29:36";"Queremos hacer un chequeo general";;;"Se sugiere desparasitar cada 4 meses y vacunar cada año";;;;NULL;"<br>";;;;;;;;NULL;NULL;NULL;NULL;NULL;NULL;NULL;NULL;NULL;NULL;NULL;": Paciente originaria de estados unidos  ";;;"2";"53";" ";"3/5";"fabian jimenez"
"10";"51";"7";"2023-08-23";"18:51:40";"Chequeo general para saber como esta";;;;;;;NULL;"<br>";;;;;;;;NULL;NULL;NULL;NULL;NULL;NULL;NULL;NULL;NULL;NULL;NULL;;;;"1";"59";" ";"3/5";"fabian jimenez"
"11";"54";"7";"2023-08-25";"15:03:54";"Hace dos dias nos dimos cuenta de un crecimiento anormal en el labio superior derecho";"DAP
celulitis
pioderma 
acne juvenil";;;;;;NULL;"<br>";;;;;;;;NULL;NULL;NULL;NULL;NULL;NULL;NULL;NULL;NULL;NULL;NULL;;;;"1";"62";" ";"3/5";"Fabian Jiménez"
"12";"65";"7";"2023-09-02";"11:12:25";"Quiero revisar que tiene una hernia umbilical y una peladura en la manito ";"hernia umbilical
carcinoma de  celulas escamosas 
mastocitoma";;;;;;NULL;"<br>";;;;;;;;NULL;NULL;NULL;NULL;NULL;NULL;NULL;NULL;NULL;NULL;NULL;": hace 4 meses la operaron de piometra ";;;"1";"74";" ";"4/5";"Fabian Jiménez"
"13";"61";"7";"2023-09-02";"11:20:02";"Desde hace tres dias ha tenido ganas de vomitar y ha botado una espuma como amarillenta";"Gastritis
Hepatopatia";;;;;;NULL;"<br>";;;;;;;;NULL;NULL;NULL;NULL;NULL;NULL;NULL;NULL;NULL;NULL;NULL;;;;"1";"70";" ";"3/5";"Fabian Jiménez"
"14";"72";"7";"2023-09-05";"16:14:58";"cuando toma agua deja gotas de sangre en el lavamanos";"Estomatitis
Gingivitis
Calculos dentales";;;;;;NULL;"<br>";;;;;;;;NULL;NULL;NULL;NULL;NULL;NULL;NULL;NULL;NULL;NULL;NULL;": el 14 de agosto lo esterilizaron ";;;"1";"81";" ";"3/5";"Fabian Jiménez"
"15";"74";"7";"2023-09-07";"19:04:41";"Hace dos meses la traje de la finca y tenia una masita en la boca pero le ha crecido y queremos saber que es.";"Mastocitoma
Osteosarcoma
Sarcoma";;;;;;NULL;"<br>";;;;;;;;NULL;NULL;NULL;NULL;NULL;NULL;NULL;NULL;NULL;NULL;NULL;": hace 2 meses aproximadamente la trajeron de una finca y presentaba síntomas de intoxicación al no tener los ojos bien enfocados cuando ella caminaba ";;;"1";"83";" ";"4/5";"Fabian Jiménez Ardila"
"16";"83";"7";"2023-09-14";"11:46:08";"Ex&aacute;menes cl&iacute;nicos para profilaxis (resultados normales, ligera deshidrataci&oacute;n)";;;;;;;NULL;"<br>";;;;;;;;NULL;NULL;NULL;NULL;NULL;NULL;NULL;NULL;NULL;NULL;NULL;;;;"1";"92";" ";;
"17";"65";"7";"2023-09-14";"16:28:43";"Viene para revisi&oacute;n de puntos post quir&uacute;rgicos de hernia y masa en espera de resultados de laboratorio histopatol&oacute;gico,  ayer consumi&oacute; poco alimento y el lunes presento 1 episodio de vomito (amarillo) y ahorita venia caminando y se desonzo y vomito 2 episodios de color caf&eacute;,  hoy consumi&oacute; poco alimento tambi&eacute;n,  consumo de agua normal. ";;;;;;;NULL;"<br>";;;;;;;;NULL;NULL;NULL;NULL;NULL;NULL;NULL;NULL;NULL;NULL;NULL;;;;"1";"74";" ";"3/5";
"18";"84";"7";"2023-09-15";"10:47:24";"Consulta: esta desganado, todo el d&iacute;a duerme, come pero muy poquito no ha presentado vomito ni diarrea, y presenta la sintomatolog&iacute;a hace 3 d&iacute;as, hace mes y medio fue la ultima desparasitaci&oacute;n, conviv&iacute;a con 4 gatos mas, en el momento convive con 2 de ellos, presencia de pulgas, le administran donkat, estos dos &uacute;ltimos d&iacute;as el consumo de agua a disminuido, deposiciones normales, como estos d&iacute;as no ha querido comer bien le han administrado caldo de pollo y pollo.

a la evaluaci&oacute;n cl&iacute;nica se evidencia un paciente incomodo a la manipulaci&oacute;n, deshidrataci&oacute;n marcada, pelo hirsuto y condici&oacute;n corporal 2,5/5";"Enfermedad renal cr&oacute;nica
Hemopar&aacute;sitos
Enfermedades virales ( Leucemia, Inmunodeficiencia, Bartonella, Coronavirus)";;;;;;NULL;"<br>";;;;;;;;NULL;NULL;NULL;NULL;NULL;NULL;NULL;NULL;NULL;NULL;NULL;": hospitalizado por parasitismo y depresión ";;;"1";"93";" ";"2.5/5";"Lina Pedraza "
"19";"86";"7";"2023-09-15";"17:37:15";"Consulta: ingresa a consulta ya  que tiene una verruguita de carne  hace 1 a&ntilde;o largo y  creo que le molesta, se la lame mucho y a aumentado de tama&ntilde;o no mucho pero si ha crecido, presenta una hernia abdominal,  Max senior, en febrero le hicieron ex&aacute;menes rutinarios y no presento mayores alteraciones,  convive solo, castrado al a&ntilde;o de nacido, la hernia abdominal ha aumentado de tama&ntilde;o aunque la tiene desde cachorro, no v&oacute;mitos espor&aacute;dicos, apetito normal. ";"Hernia abdominal
Masa externa no infiltrativa inferior a 2cm";;;;;;NULL;"<br>";;;;;;;;NULL;NULL;NULL;NULL;NULL;NULL;NULL;NULL;NULL;NULL;NULL;;;;"1";"95";" ";"3/5";"Lina Pedraza "
"20";"87";"7";"2023-09-16";"13:33:40";"Servicio de urgencia, ingresa paciente de 1 a&ntilde;o al consultorio sin signos vitales, mucosas cian&oacute;ticas, se realiza maniobra de reanimaci&oacute;n mec&aacute;nica y farmacol&oacute;gica, el paciente no responde, se indaga sobre el paciente y la propietaria indica que hace 3 meses present&oacute; un episodio similar y all&iacute; le diagnosticaron que tenia una enfermedad cardiaca pero no sabe cual, y que deb&iacute;an operarlo en 4 meses, sin embargo el paciente no contaba con soporte farmacol&oacute;gico ni dietario para la patolog&iacute;a, el alimento que consum&iacute;a era monello conjunto a dieta casera, el consumo de agua reporta que era normal, no presentaba v&oacute;mitos. 

Paciente se declara fallecido sobre las 12:50pm ";"Tetralog&iacute;a de Fallo
Insuficiencia Valvular
Insuficiencia auricular
Cardiomegalia
";;"Propietaria indica ser consciente de que el paciente era cardiópata y que podría presentar sincopes (desmayos) y generar el paro cardiaco sin respuesta produciendo la muerte del mismos.";;;;NULL;"<br>";;;;;;;;NULL;NULL;NULL;NULL;NULL;NULL;NULL;NULL;NULL;NULL;NULL;": Hace 3 meses diagnosticado en otro centro veterinario como paciente cardiópata, sin soporte farmacológico ni dietario, en espera de procedimiento quirúrgico.  ";;;"1";"96";" ";"2.5/";"Fabian Jiménez"
"21";"82";"7";"2023-09-17";"11:10:29";"Se realiza el alta m&eacute;dica, paciente cl&iacute;nicamente estable.";;;;;;;NULL;"<br>Herida abdominal post quirúrgica de laparotomía exploratoria";;;;;;;;NULL;NULL;NULL;NULL;NULL;NULL;NULL;NULL;NULL;NULL;NULL;": Hemoparásitos y evisceración post trauma ";;;"1";"91";" ";"3/";"Lina Pedraza "
"22";"89";"7";"2023-09-22";"19:03:45";"Lleva aproximadamente 2 d&iacute;as vomitando,  no consume alimento todo lo vomita, no diarreas, ultima desparasitaci&oacute;n mas de 2 a&ntilde;os sin realizarse, vacunaci&oacute;n al d&iacute;a,  Donkat es alimento que le est&aacute;n dando hace mes  y medio, no sale de la vivienda, hace un poco compraron matas (s&aacute;bila y suculenta), juguete de ca&ntilde;a, se desconoce si pudo comer alg&uacute;n tipo de objeto lineal, materia fecal no ha realizado desde hace 2 d&iacute;as,  orina con normalidad en  peque&ntilde;a cantidad. 
Vomita ocasionalmente bola de pelo como cada 2 meses. 
";"Gastroenteritis parasitaria
Gastroenteritis bacteriana
Gastroenteritis viral
Gastroenteritis por Cuerpo extra&ntilde;o ";;;;;;NULL;"<br>";;;;;;;;NULL;NULL;NULL;NULL;NULL;NULL;NULL;NULL;NULL;NULL;NULL;": No reporta patologías previas.  ";;;"1";"98";" ";"3/5";"Lina Pedraza "
"23";"90";"7";"2023-09-24";"13:47:29";"Desde ayer lo tienen, es tra&iacute;do de villa Vicencio, fue desparasitado rondel puppy 05/09/23 y rodel puppy 13/09/23  ( vacuna 20/09 Vibix parvo), no v&oacute;mitos, muy activo, es nervioso, toma bastante agua, la relaci&oacute;n orina/agua es igual,  ya venia consumiendo el chunky cachorro pollo,  hizo dos deposiciones fecales blandas y hace poco hizo nuevamente pero ya tiene mayor consistencia, mascota &uacute;nica,  ya hab&iacute;an tenido mascotas con anterioridad, fue comprado, sin contrato de autorizaci&oacute;n visita m&eacute;dica externa a ellos, pulgas no garrapatas no. 

Durante el examen cl&iacute;nico  se evidencian garrapatas se realiza aplicaci&oacute;n de revolution plus, se realizo hemograma donde se videncia plaquetas en 626 (aumentada) y leve anemia
";"Hemopar&aacute;sitos";;;;;;NULL;"<br>";;;;;;;;NULL;NULL;NULL;NULL;NULL;NULL;NULL;NULL;NULL;NULL;NULL;;;;"1";"99";" ";"3/5";"Lina Pedraza "
"24";"89";"7";"2023-09-24";"14:27:23";"Paciente se da de alta medica, ya que sus constantes est&aacute;n en rango, esta consumiendo alimento a voluntad y de gran apetito, no ha presentado episodios de v&oacute;mitos, no ha realizado deposiciones fecales, por lo que tenemos pendiente la muestra para poder realizar el coprosc&oacute;pico.
";;;;;;;NULL;"<br>";;;;;;;;NULL;NULL;NULL;NULL;NULL;NULL;NULL;NULL;NULL;NULL;NULL;;;;"1";"98";" ";;"Lina Pedraza "
"25";"111";"7";"2023-10-06";"15:30:08";"desde hace un mes aproximadamente corre y termina coja, y ahora ya no quiere correr ni caminatas largas ";"enfermedad articular degenerativa 
displacia de codo
traumatismo articular
";;;;;;NULL;"<br>";;;;;;;;NULL;NULL;NULL;NULL;NULL;NULL;NULL;NULL;NULL;NULL;NULL;;;;"1";"125";" ";"4/5";"Fabian Jiménez Ardila"
"26";"106";"7";"2023-10-01";"16:24:01";"Paciente llega a la clinica el dia 01 de octubre de 2023, donde la propietaria reporta que desde hace unos dias presenta inactividad, falta de apetito y como si tuviese algo atorado porque presenta episodios de tos recurrente";"Traqueitis
Traqueobronquitis
Neumonia
Bronquitis";;"Resultados de examenes anexos al correo y/o whatsapp del tutor; el fecha de la redaccion de la historia clinica no es la misma fecha del dia de la consulta incial";;;;NULL;"<br>* A la auscultacion de los campos pulmonares se evidencian sibilancias leves a moderadas en region craneal de ambos pulmones.
* Paciente con fiebre al momento de la exploracion 
* Reflejo tusigeno aumentado";;;;;;;;NULL;NULL;NULL;NULL;NULL;NULL;NULL;NULL;NULL;NULL;NULL;": paciente sin antecedente de enfermedad aparente ";;;"1";"121";" ";"3/5";"Fabian Jiménez Ardila"
"27";"115";"7";"2023-10-08";"16:46:12";"Ha presentado diarreas cronicas y vomitos recurrentes en las ma&ntilde;anas desde hace mas de 15 dias";"Gastroenteritis Parasitaria
Gastroenteritis Bacteriana
Hipotiroidismo
Enfermedad Intestinal Inflamatoria";;;;;;NULL;"<br>";;;;;;;;NULL;NULL;NULL;NULL;NULL;NULL;NULL;NULL;NULL;NULL;NULL;": Heces blandas y vómitos recurrentes desde hace dos semanas aproximadamente ";;;"1";"129";" ";"5/5";"Fabian Jiménez Ardila"
"28";"118";"7";"2023-10-11";"20:04:10";"Le hemos encontrado garrapatas y queremos saber si tiene o no la enfermedad de la garrapata, lo desparasitamos cada 3 meses pero queremos un chequeo general";"Ehrlichia Canis
Anaplasma
Babesia ";;;;;;NULL;"<br>";;;;;;;;NULL;NULL;NULL;NULL;NULL;NULL;NULL;NULL;NULL;NULL;NULL;": Garrapatas en el manto  ";;;"1";"132";" ";"2.5/5";"Fabian Jiménez Ardila"
"29";"118";"7";"2023-10-11";"20:11:30";"Le encontramos una garrapata y nos preocupa porque anteriormente le hemos encontrado tambi&eacute;n, por otro lado tambi&eacute;n queremos desparasitarlo ";"Ehrlichia
Babesia
Hepatozoon
";;;;;;NULL;"<br>";;;;;;;;NULL;NULL;NULL;NULL;NULL;NULL;NULL;NULL;NULL;NULL;NULL;": ha viajado a villavicenvio y ha tenido garapatas anteriormente ";;;"1";"132";" ";"2.5/5";"Fabian Jiménez Ardila"
"30";"120";"7";"2023-10-13";"18:21:59";"ha iniciado con diarrea porque se tomo un agua que era para las matas";"Giardiasis
Indiscrecion Alimentaria
Gastroenteritis Bacteriana
Gastroenteritis Parasitaria";;"no autorizan coproscopico, se envia formula paleatiba con metronidazol y bismopet";;;;NULL;"<br>";;;;;;;;NULL;NULL;NULL;NULL;NULL;NULL;NULL;NULL;NULL;NULL;NULL;;;;"1";"134";" ";"3/5";"Fabian Jiménez Ardila"
"31";"119";"7";"2023-10-13";"18:32:14";"El fin de semana tuvo mucho vomito y diarrea con sangre, la lleve a otro veterinario y le hicieron examenes de parvo y coronavirus, ha mejorado pero quiero otra opinion";"Giardiasis
Gastroenteritis Bacteriana
Gastroenteritis Parasitaria
Indiscrecion alimentaria";;;;;;NULL;"<br>";;;;;;;;NULL;NULL;NULL;NULL;NULL;NULL;NULL;NULL;NULL;NULL;NULL;": Diarrea con sangre desde el domingo y vomitos exporadicos ";;;"1";"133";" ";"3/5";"Fabian Jiménez Ardila"
"32";"133";"7";"2023-10-22";"15:52:28";"Queremos hacerle un ba&ntilde;o medicado ya que tiene como un problema dermatol&oacute;gico y queremos mirar porque sea";"Alergia alimentaria
Fungicosis
Demodicosis
Hipotiroidismo";;"receta manual cutamycon, VFCC hot spot, royal canin HP, Previcox, zeel, traumeel, artritabs";;;;NULL;"<br>";;;;;;;;NULL;NULL;NULL;NULL;NULL;NULL;NULL;NULL;NULL;NULL;NULL;": Paciente rescatado de la calle con lesiones severas en piel hace aproximadamente 5 años ";;;"1";"149";" ";"3/5";"Fabian Jiménez Ardila"
"33";"140";"7";"2023-10-25";"19:44:04";"Desde hoy la vemos muy inactiva y le llego el celo";;;;;;;NULL;"<br>";;;;;;;;NULL;NULL;NULL;NULL;NULL;NULL;NULL;NULL;NULL;NULL;NULL;;;;"1";"155";" ";"3/5";
"34";"134";"7";"2023-10-26";"12:42:28";"Tuvo bebes hace dos meses aproximadamente, la vemos algo delgada, y tiene una lesion en la boquita y no sabemos porque sea";"Calicivirus
Gingivoestomatitis linfoplasmocitaria
Granuloma eosinofilico felino";;"Resultados de examenes de laboratorio y receta medica se envian al correo del propietario y/o se entregan en fisico";;;;NULL;"<br>Infección local (afta) en unión mucocutánea del labio superior izquierdo";;;;;;;;NULL;NULL;NULL;NULL;NULL;NULL;NULL;NULL;NULL;NULL;NULL;": Hace dos meses pario 6 cachorros ";;;"1";"150";" ";"2.5/5";"Fabian Jiménez Ardila"
"35";"150";"7";"2023-11-04";"17:26:31";"Lo encontr&eacute; anoche en la calle y quisiera una revisi&oacute;n general para saber como esta.";;;;;;;NULL;"<br>";;;;;;;;NULL;NULL;NULL;NULL;NULL;NULL;NULL;NULL;NULL;NULL;NULL;": Habitaba la calle ";;;"1";"165";" ";"3/5";"Fabian Jiménez Ardila"
"36";"159";"7";"2023-11-14";"19:29:00";"Desde el domingo esta con desaliento, no quiere comer, esta inactivo, presento un episodio de vomito, normalmente come dogurmet";"sindrome cushing
hipotiroidismo
gastroenteritis
hepatopatia";;;;;;NULL;"<br>";;;;;;;;NULL;NULL;NULL;NULL;NULL;NULL;NULL;NULL;NULL;NULL;NULL;": Inapetencia y vomitos ";;;"1";"177";" ";"2.5/5";"Fabian Jiménez Ardila"
"37";"162";"7";"2023-11-18";"13:06:04";"Tiene un ojo irritado desde el jueves, le hemos aplicado g&oacute;ticas de manzanilla y ahora lagrimas artificiales, lo desparasite hace mas de 4 meses, come pro plan HA";;;;;;;NULL;"<br>";;;;;;;;NULL;NULL;NULL;NULL;NULL;NULL;NULL;NULL;NULL;NULL;NULL;;;;"1";"181";" ";"3/5";"Fabian Jiménez Ardila"
"38";"163";"7";"2023-11-18";"16:53:13";"Desde la madrugada ha presentado un brote anormal y una coloracion rojita en todo el cuerpo, ha tenido en la materia fecal presencia de sangre, vomito comida y despues solo espuma, come concentrado chunky o max y BARF";"DAPP
Dermatitis alimentaria
Intoxicaci&oacute;n inespec&iacute;fica
Parasitosis 
Gastroenteritis bacteriana
 
 
";;"Se medica al paciente en consulta con citrato de maropitant y dexametasona a las dosis terapéuticas recomendadas, se sugiere hospitalización pero los propietarios no la autorizan; a a espera de resultados de laboratorio.";;;;NULL;"<br>";;;;;;;;NULL;NULL;NULL;NULL;NULL;NULL;NULL;NULL;NULL;NULL;NULL;;;;"1";"182";" ";"2/5";"Fabian Jiménez Ardila"
"39";"189";"7";"2023-12-07";"11:32:51";"Le han salido unas verruguitas en el cuerpo, y tiene una lesion en la parte interna de las paticas, le huele a feo y le duele ";"DAPP
Pioderma
Sarna sarcoptica
Sarna Demodexica
";;;;;;NULL;"<br>";;;;;;;;NULL;NULL;NULL;NULL;NULL;NULL;NULL;NULL;NULL;NULL;NULL;;;;"1";"217";" ";"3.5/5";"Fabian Jiménez Ardila"
"40";"198";"7";"2023-12-12";"17:49:28";"Lleva estornudando como desde el jueves y hoy vomito ";"Rinitis
Influenza
Traqueobronquitis";;;;;;NULL;"<br>";;;;;;;;NULL;NULL;NULL;NULL;NULL;NULL;NULL;NULL;NULL;NULL;NULL;;;;"1";"226";" ";"3/5";"Fabian Jiménez Ardila"
"41";"214";"7";"2023-12-26";"13:59:32";"Queremos revisarla y evaluar como la podemos bajar de peso porque  esta muy gorda";;;;;;;NULL;"<br>";;;;;;;;NULL;NULL;NULL;NULL;NULL;NULL;NULL;NULL;NULL;NULL;NULL;;;;"1";"252";" ";;
"42";"215";"7";"2023-12-26";"15:28:11";"La compramos ayer en la plaza del restrepo pero ha estado muy pichocita y le duele la colita, quiero una valoracion general ";"rinotraqueitis
calicivirus
neumonia
influenza";;;;;;NULL;"<br>";;;;;;;;NULL;NULL;NULL;NULL;NULL;NULL;NULL;NULL;NULL;NULL;NULL;;;;"1";"253";" ";"2.5/5";"Fabian Jiménez Ardila"
"43";"228";"7";"2024-01-04";"14:07:48";"Lleva varios d&iacute;as con una alergia y se ha lesionado mucho en varias zonas del cuerpo por tanto rascarse y no sabemos que pueda ser ";"DAP
ACAROS
ALERGIA ALIMENTARIA";;;;;;NULL;"<br>";;;;;;;;NULL;NULL;NULL;NULL;NULL;NULL;NULL;NULL;NULL;NULL;NULL;;;;"1";"266";" ";"2.5/5";"Fabian Jiménez Ardila"
"44";"10";"1";"2024-01-12";"11:08:57";"sad";"adsdas";;"adsda";;;;NULL;"<br>ad";;;;;;;;NULL;NULL;NULL;NULL;NULL;NULL;NULL;NULL;NULL;NULL;NULL;": asdas ";;;"1";"13";" ";;"adsad"
"45";"243";"7";"2024-01-19";"14:53:30";"hace tres dias empezo como dura del estomago y desde ayer esta como quejandose al parecer de la cola, la desparasitamos aproximadamente en agosto, come monello, y caldo de pollo";;;;;;;NULL;"<br>";;;;;;;;NULL;NULL;NULL;NULL;NULL;NULL;NULL;NULL;NULL;NULL;NULL;;;;"1";"287";" ";"3/5";"Fabian Jiménez Ardila"
"46";"97";"7";"2024-02-07";"10:22:51";"Desde hace unos dias ha presentado desmayos de manera muy seguida, 18 de enero, 28 enero y 5 de febrero, se cae se pone tieso y al rato esta normal";"Cardiopatia
neuropatia";;;;;;NULL;"<br>";;;;;;;;NULL;NULL;NULL;NULL;NULL;NULL;NULL;NULL;NULL;NULL;NULL;": Parvovirosis en octubre  ";;;"1";"107";" ";"3/5";"Fabian Jiménez"
"47";"311";"7";"2024-03-12";"12:58:48";"Hace un ratico estaba trabajando normal y de momento empez&oacute; a ladrar y a llorar de manera descontrolada";"Distemper
Parvovirosis
Ehrlichiosis";;;;;;NULL;"<br>";;;;;;;;NULL;NULL;NULL;NULL;NULL;NULL;NULL;NULL;NULL;NULL;NULL;": Paciente rescatado; todos los hermanitos ya murieron así cachorros ";;;"1";"379";" ";"2,5/5";"Fabian Jiménez"
"48";"339";"7";"2024-03-31";"13:05:39";"Hace tres dias ha presentado inapetencia vomito y diarrea con sangre, y el dia de hoy esta cojo, no se levanta";"Enfermedad infamatoria intestinal
Gastroenteritis parasitaria/bacteriana
Cauda equina
Displasia de cadera
Osteoartritis";;;;;;NULL;"<br>";;;;;;;;NULL;NULL;NULL;NULL;NULL;NULL;NULL;NULL;NULL;NULL;NULL;": Diarreas crónicas por cambios de dietas ";;;"1";"413";" ";"2,5/5";"Fabian Jiménez"
"49";"355";"7";"2024-04-13";"16:54:36";"Paciente llega a consulta  con un historial cl&iacute;nico y ex&aacute;menes donde se diagnostica con c&aacute;lculos renales.";;;;;;;NULL;"<br>";;;;;;;;NULL;NULL;NULL;NULL;NULL;NULL;NULL;NULL;NULL;NULL;NULL;;;;"1";"437";" ";"3/5";"Fabian Jimenez "
"50";"248";"7";"2024-04-16";"14:22:05";"Desde el viernes esta deca&iacute;da, no ha comido muy bien, ha tenido materia fecal blanda y ha salido pl&aacute;stico en las heces";"Cuerpo extra&ntilde;o dueodenal  
Gastroenteritis bacteriana
Gastroenteritis parasitaria 

Lesi&oacute;n nervio facial regi&oacute;n izquierda 
Masa Cerebral 
Sindrome vestibular 
Facitis

";;;;;;NULL;"<br>";;;;;;;;NULL;NULL;NULL;NULL;NULL;NULL;NULL;NULL;NULL;NULL;NULL;": Ablación completa del conducto auditivo izquierdo ";;;"1";"292";" ";"3/5";"Fabian Jimenez "
"51";"369";"7";"2024-04-28";"10:17:36";"paciente viene a profilaxis dental con enfermedad periodontal grado 4/5";;;;;;;NULL;"<br>";;;;;;;;NULL;NULL;NULL;NULL;NULL;NULL;NULL;NULL;NULL;NULL;NULL;;;;"1";"455";" ";"4/5";"FABIAN JIMENEZ"
"52";"370";"7";"2024-04-28";"11:40:43";"Desde hace 15 dias ha presentado sangre en la materia fecal, ha presentado diarrea 6 veces, no ha tenido vomito
se le da monello con pollo cocinado, arroz, carne, y bocados del almuerzo, palos de carnaza ";;;;;;;NULL;"<br>";;;;;;;;NULL;NULL;NULL;NULL;NULL;NULL;NULL;NULL;NULL;NULL;NULL;;;;"1";"456";" ";"3/5";"Fabian Jiménez "
"53";"371";"7";"2024-04-28";"18:32:23";"valoraci&oacute;n general porque hace mas de una a&ntilde;o no los desparasitamos ";;;"se desparasitase en consulta con total flc";;;;NULL;"<br>";;;;;;;;NULL;NULL;NULL;NULL;NULL;NULL;NULL;NULL;NULL;NULL;NULL;;;;"1";"457";" ";"4/5";"fabian Jiménez "
"54";"371";"7";"2024-04-28";"18:33:32";"valoraci&oacute;n y desparasitacion";;;"desparasitacion con total dlc";;;;NULL;"<br>";;;;;;;;NULL;NULL;NULL;NULL;NULL;NULL;NULL;NULL;NULL;NULL;NULL;;;;"1";"458";" ";;"fabian Jimenez "
"55";"371";"7";"2024-04-28";"18:34:16";"valoraci&oacute;n y desparasitacion";;;"desparasitacion con frontal gatos";;;;NULL;"<br>";;;;;;;;NULL;NULL;NULL;NULL;NULL;NULL;NULL;NULL;NULL;NULL;NULL;;;;"1";"459";" ";;"fabian Jimenez "
"56";"372";"7";"2024-05-01";"12:06:09";"Hace 3 dias aproximadamente ha presentado ojos llorosos y no sabemos que sea ";;;;;;;NULL;"<br>";;;;;;;;NULL;NULL;NULL;NULL;NULL;NULL;NULL;NULL;NULL;NULL;NULL;;;;"1";"460";" ";"3/5";"fABIAN JIMENEZ"
"57";"384";"7";"2024-05-12";"13:32:02";"anoche vomito la comida como a las 9pm, y despu&eacute;s volvi&oacute; a vomitar, le di una pasta de esomeprazol a las 6 de la ma&ntilde;ana, esta muy inactivo, el sufre de estre&ntilde;imiento y le di fibra, parece que hizo poco con sangre, ya que le vi sangre en la colita ";;;;;;;NULL;"<br>";;;;;;;;NULL;NULL;NULL;NULL;NULL;NULL;NULL;NULL;NULL;NULL;NULL;;;;"1";"479";" ";"4/5";"fABIAN JIMENEZ"
"58";"388";"7";"2024-05-17";"11:14:00";"ayer presento episodios de materia fecal blanda con sangre, vomito el agua, no ha estado inapetente ni deprimida";;;;;;;NULL;"<br>";;;;;;;;NULL;NULL;NULL;NULL;NULL;NULL;NULL;NULL;NULL;NULL;NULL;;;;"1";"484";" ";"3/5";"FABIAN JIMENEZ"
"59";"393";"7";"2024-05-19";"18:02:42";"Ha presentado mas de 5 vomitos desde ayer";"Indiscreci&oacute;n alimentaria
Pancreatitis
Hepatopatia
Gastritis cronica";;;;;;NULL;"<br>";;;;;;;;NULL;NULL;NULL;NULL;NULL;NULL;NULL;NULL;NULL;NULL;NULL;": Vomito recurrente hace aproximadamente dos meses después de un viaje  ";;;"1";"490";" ";"4/5";"FABIAN JIMENEZ"
"60";"395";"7";"2024-05-22";"11:11:59";"Ayer se comi&oacute; un caracol y hoy ha tenido episodios de diarrea liquida y con residuos alimenticios";"intoxicaci&oacute;n por babosas
Indiscreci&oacute;n alimentaria";;;;;;NULL;"<br>";;;;;;;;NULL;NULL;NULL;NULL;NULL;NULL;NULL;NULL;NULL;NULL;NULL;;;;"1";"494";" ";"3/5";"fabian Jimenez "
"61";"48";"7";"2024-05-24";"15:39:16";"hace un mes largo, estuvo hospitalizada dos dias porque tenia barro biliar y problema en los ri&ntilde;ones, deposici&oacute;n con moco, le di one ayer. y le doy papilla ";"IRA
IRC
glomerulonefritis";;;;;;NULL;"<br>";;;;;;;;NULL;NULL;NULL;NULL;NULL;NULL;NULL;NULL;NULL;NULL;NULL;": IRC ";;;"1";"56";" ";"2/5";"FABIAN JIMENEZ"
"62";"399";"7";"2024-05-26";"17:15:47";"Hoy amaneci&oacute; con vomito, jadea mucho, esta aislado, saliva demasiado, tiene como reflujo";"Gastritis
gastroenteritis bacteriana
neuropatia";;;;;;NULL;"<br>";;;;;;;;NULL;NULL;NULL;NULL;NULL;NULL;NULL;NULL;NULL;NULL;NULL;;;;"1";"501";" ";"4/5";"fabian Jimenez "
"63";"100";"7";"2024-06-01";"13:16:17";"Desde la semana pasada ha presentado vomito rosados, ella come pollo, churro y galletas control bola de pelos, ha presentado 5 vomitos aproximadamente";"Gastritis
Gastroenteritis";;;;;;NULL;"<br>";;;;;;;;NULL;NULL;NULL;NULL;NULL;NULL;NULL;NULL;NULL;NULL;NULL;;;;"1";"112";" ";"3/5";"fabian Jimenez "
"64";"36";"7";"2024-06-15";"10:41:54";"El dia s&aacute;bado fuimos a fusa y lo ataco un perro, lo llevamos al veterinario y le mandaron meloxicam cada 24 hora una tableta";;;;;;;NULL;"<br>";;;;;;;;NULL;NULL;NULL;NULL;NULL;NULL;NULL;NULL;NULL;NULL;NULL;": ataque de perro  ";;;"1";"307";" ";"3/5";"Fabian Jiménez Ardila"
"65";"121";"7";"2024-06-15";"12:46:47";"el jueves en la tarde hizo popo normal pero en la madrugada hizo popo nuevamente pero blando, a la hora y media nuevamente defeco blandito, ayer no comio y ha tenido diarrea con sangre";;;;;;;NULL;"<br>";;;;;;;;NULL;NULL;NULL;NULL;NULL;NULL;NULL;NULL;NULL;NULL;NULL;;;;"1";"135";" ";"3/5";"Fabian Jiménez Ardila"
