"ID";"clienteId";"paticas_id";"usuario_id";"fecha";"hora";"clinica";"serviciod";"horaS";"nombre_cliente";"whatsapp";"wts2";"wts3";"nombre_paticas";"especie";"edad";"genero";"color";"raza";"caracE";"peso";"costo";"domicilio";"pertenencias";"peluqueria";"bano";"otrosservicios";"notas";"estadoServicio";"estilista";"otrosservicios2";"duracion"
"15";"133";"148";"3";"2023-10-22";"14:00:00";"0";"0";"15:30:00";;;"57";;;;;;;;;;;;;"No Aplica";"Baño Básico";;;"1";"1";;"90"
"366";"278";"337";"3";"2024-08-17";"14:00:00";"0";"0";"15:30:00";;;"573112774489";;;;;;;;;;;;;"Peluqueria Perfilado";"Baño Básico";"Higiénico";"$50.000 / Despejar cara / Despunte / Guantes / Despunte redondo";"1";"2";;"90"
"16";"133";"149";"3";"2023-10-22";"15:30:00";"0";"0";"17:30:00";;;"57";;;;;;;;;;;;;"No Aplica";"No Aplica";;;"1";"1";;"120"
"175";"36";"307";"3";"2024-03-03";"15:00:00";"0";"0";"16:30:00";;;"57";;;;;;;;;;;;;"Peluqueria Cachorro";"Baño Básico";"Higiénico";"$50.000 / TIENE GARRAPATAS / cara redonda /  pelar axilas ";"1";"2";;"90"
"12";"131";"145";"3";"2023-10-21";"10:30:00";"0";"0";"12:30:00";" Marcela Padilla ";" 573144068940 ";"57";;" Coco ";" Canina ";"6 Años ";" M ";" Miel";" Cocker ";;;"50000";;;"No Aplica";"Baño Normal";;"bajar con #7";"1";NULL;NULL;NULL
"13";"131";"146";"3";"2023-10-21";"00:30:00";"0";"0";"13:30:00";" Marcela Padilla ";" 573144068940 ";"57";;" Manolo ";" Canina ";"9 Años ";" M ";" Negro";" Mestizo ";;;"45000";;;"No Aplica";"Baño Normal";;"bajar #7";"1";NULL;NULL;NULL
"18";"138";"154";"3";"2023-10-25";"09:38:00";"0";"0";"09:38:00";" Hemerson Rodriguez Ardila ";" 573204439931 ";"57";;" Calma ";" Canina ";"2 Años 4 Meses ";" H ";" Negra";" Mestiza ";;;"45000";;;"No Aplica";"Baño Normal";;;"1";NULL;NULL;NULL
"167";"153";"170";"3";"2024-02-18";"12:00:00";"0";"0";"13:30:00";;;"573027038445";;;;;;;;;;;;;"Peluqueria Perfilado";"Baño Básico";"Higiénico";"$45.000 / Bajar #7 / Guantes / cara redonda ";"1";"1";;"90"
"20";"98";"108";"3";"2023-10-28";"10:00:00";"0";"0";"12:00:00";;;"573102189807";;;;;;;;;;;;;"Peluqueria Osito";"Baño Básico";"Desenredo";"PROXIMO BAÑO OBSEQUIAR VOLUMINIZANTE";"1";"1";"Higiénico";"120"
"21";"98";"109";"3";"2023-10-28";"00:00:00";"0";"0";"02:00:00";;;"573102189807";;;;;;;;;;;;;"No Aplica";"Baño Básico";"No Aplica";;"1";"1";"No Aplica";"120"
"22";"98";"110";"3";"2023-10-28";"14:00:00";"0";"0";"16:00:00";;;"573102189807";;;;;;;;;;;;;"No Aplica";"Baño Básico";"No Aplica";;"1";"1";"No Aplica";"120"
"229";"158";"176";"3";"2024-04-27";"09:30:00";"0";"0";"11:30:00";;;"57";;;;;;;;;;;;;"Peluqueria Perfilado";"Baño Básico";;"$40.000 / Bravo / Viejito / perfilacion poco ";"1";"1";;"120"
"24";"83";"92";"3";"2023-11-03";"11:00:00";"0";"0";"13:00:00";;;"57";;;;;;;;;;;;;"Peluqueria Perfilado";"Baño Básico";"Higiénico";"bajar con la 7";"1";"1";;"120"
"43";"152";"169";"3";"2024-03-02";"10:30:00";"0";"0";"11:30:00";" Clara García ";" 573043339702 ";" 57 ";;" Max ";" Canina ";"  ";" M ";"Bicolor Beige - Blanco";" Shih Tzu ";;;"50000";;;"Peluqueria Perfilado";"Baño Básico";"Higiénico";"$50.000 / Cara redonda / guía alta / cola pincel ";"1";"1";;"120"
"40";"130";"144";"3";"2023-11-09";"11:00:00";"0";"0";"13:00:00";" Leonardo Quintero ";" 573114616283 ";" 57 ";;" Terry ";" Canina ";"  ";" M ";"Amarillo";" Mestizo ";;;"0";;;"Peluqueria Perfilado";"Baño Básico";"Higiénico";"puede morder al secar cara ";"1";"1";;"120"
"41";"153";"170";"3";"2023-11-11";"09:00:00";"0";"0";"11:00:00";;;"573027038445";;;;;;;;;;;;;"No Aplica";"Baño Básico";"Higiénico";"bajar#7
cara redonda";"1";"1";;"120"
"44";"55";"63";"3";"2023-11-11";"15:00:00";"0";"0";"17:00:00";;;"57";;;;;;;;;;;;;"Peluqueria Perfilado";"Baño Básico";;;"1";"1";;"120"
"45";"156";"173";"3";"2023-11-11";"11:30:00";"0";"0";"13:00:00";;;"57";;;;;;;;;;;;;"Peluqueria Estandar";"Baño Básico";;;"1";"1";;"90"
"46";"156";"174";"3";"2023-11-11";"13:00:00";"0";"0";"14:30:00";;;"57";;;;;;;;;;;;;"Peluqueria Estandar";"Baño Básico";;;"1";"1";;"90"
"47";"19";"19";"3";"2023-11-14";"14:00:00";"0";"0";"16:00:00";" Sandra Milena Celi ";" 573105500856 ";" 57 ";;" Zeus ";" Canina ";"  ";" M ";"Negro/Blanco";" Siberiano ";;;"105000";;;"Peluqueria Perfilado";"Baño Básico";"Deslanado";"muerde el soplador";"1";"1";;"180"
"52";"160";"179";"3";"2023-11-18";"09:00:00";"0";"0";"11:00:00";;;"57";;;;;;;;;;;;;"Peluqueria Estandar";"Baño Básico";"Higiénico";"Sensibilidad en las patas, puede morder si se las tocan";"1";"1";;"120"
"53";"161";"180";"3";"2023-11-18";"11:00:00";"0";"0";"13:00:00";;;"57";;;;;;;;;;;;;"Peluqueria Osito";"Corte de uñas";"Deslanado";;"1";"1";"Deslanado";"120"
"54";"166";"186";"3";"2024-01-17";"10:00:00";"0";"0";"12:00:00";" Ruth Pinzón ";" 573506678708 ";" 57 ";;" Muñeca Pinzón ";" Canina ";"  ";" H ";"Blanco";" Mestiza ";;;"50000";;;;"Baño Básico";"Higiénico";"$ 50.000 
";"1";"1";;"120"
"67";"179";"204";"3";"2024-06-26";"12:00:00";"0";"0";"13:00:00";" Daniel Lopez ";" 573124403392 ";" 573124028526 ";;" Pandora ";" Felina ";"  ";" H ";"Blanco";" Persa ";;;"0";;;"Peluqueria Perfilado";"Baño Básico";"Higiénico";"$60.000 / Higiénico a tijera - sutil / Juiciosa ";"1";"1";;"90"
"57";"168";"189";"3";"2023-11-25";"09:20:00";"0";"0";"09:20:00";" Claudia Marin ";" 573135262072 ";" 57 ";;" Liza ";" Canina ";"  ";" H ";"Blanco";" Poodle ";;;"40000";;;"Peluqueria Perfilado";;"Higiénico";"Es necesario eliminar el registro de la mascota y crearla nuevamente. No se tenían los datos completos.

BAJAR #7 
CARA REDONDA";"1";"1";;"120"
"58";"172";"195";"3";"2023-11-26";"13:00:00";"0";"0";"15:00:00";" Diego Andrés Alzate ";" 573132835810 ";"57";;" Shih Tzu ";" Canina ";"12 Años 1 Mes 25 Días ";" H ";" Gris";" Shih Tzu ";;;;;;"Peluqueria Estandar";"Baño Básico";"Higiénico";"BAJAR #7
VIEJITA,PUEDEMORDER
";"1";"1";"Peinado";"120"
"59";"172";"195";"3";"2023-11-26";"13:00:00";"0";"0";"15:00:00";" Diego Andrés Alzate ";" 573132835810 ";"57";;" Shih Tzu ";" Canina ";"12 Años 1 Mes 25 Días ";" H ";" Gris";" Shih Tzu ";;;;;;"Peluqueria Estandar";"Baño Básico";"Higiénico";"BAJAR #7
VIEJITA,PUEDEMORDER
";"1";"1";"Peinado";"120"
"403";"533";"687";"3";"2024-10-26";"10:00:00";"0";"0";"11:30:00";;;"57";;;;;;;;;;;;;"Peluqueria Estandar";"Baño Básico";"Higiénico";"$55.000";"1";"1";;"90"
"63";"173";"196";"3";"2023-11-28";"12:00:00";"0";"0";"14:00:00";;;"57";;;;;;;;;;;;;"No Aplica";"Baño Básico";;;"1";"1";;"120"
"400";"456";"572";"3";"2024-10-19";"12:00:00";"0";"0";"13:30:00";;;"57";;;;;;;;;;;;;"Peluqueria Perfilado";"Baño Básico";"No Aplica";"$55.000 / N° 7 toda / Perra adulta / En proceso de otitis";"1";"1";;"90"
"66";"180";"205";"3";"2023-12-02";"14:44:00";"0";"0";"14:44:00";" Claudia García ";" 573125404382 ";" 573124825779 ";;" Lilu ";" Canina ";"  ";" H ";"Bicolor";" Schnauzer ";;;"40000";;;"Peluqueria Estandar";"Baño Básico";;"Dolor en articulaciones";"1";"1";;"90"
"367";"120";"134";"3";"2024-08-17";"15:30:00";"0";"0";"17:30:00";;;"57";;;;;;;;;;;;;"Peluqueria Perfilado";"Baño Básico";"Higiénico";"%70.000 / Ansioso jugueton ";"1";"1";;"120"
"69";"183";"211";"3";"2023-12-03";"12:19:00";"0";"0";"13:49:00";" William  ";" 573152436604 ";"573166812458";;" Ramon ";" Canina ";"3 Años 10 Meses 2 Días ";" M ";" blanco negro";" mestizo ";;;;;;"No Aplica";"Baño Básico";;;"1";"2";;"90"
"70";"185";"213";"3";"2023-12-05";"09:30:00";"0";"0";"11:30:00";;;"573142271504";;;;;;;;;;;;;"Peluqueria Perfilado";"Baño Básico";"Deslanado";"Bono 10% próximo baño";"1";"1";"Higiénico";"120"
"71";"21";"21";"3";"2023-12-05";"15:30:00";"0";"0";"17:00:00";;;"57";;;;;;;;;;;;;"No Aplica";"Baño Básico";;"Bono 10%proximo baño";"1";"1";;"90"
"72";"98";"110";"3";"2023-12-06";"10:20:00";"0";"0";"11:50:00";;;"573102189807";;;;;;;;;;;;;"No Aplica";"Baño Básico";;"Bono 10 % proximobaño ";"1";"1";;"90"
"73";"98";"109";"3";"2023-12-06";"12:00:00";"0";"0";"13:30:00";;;"573102189807";;;;;;;;;;;;;"No Aplica";"Baño Básico";;"Bono 10%  proximo baño";"1";"1";;"90"
"74";"98";"108";"3";"2023-12-06";"10:20:00";"0";"0";"12:20:00";;;"573102189807";;;;;;;;;;;;;"Peluqueria Osito";"Baño Básico";"Higiénico";"Bono 10% próximo baño";"1";"2";;"120"
"75";"158";"176";"3";"2023-12-06";"12:30:00";"0";"0";"14:30:00";;;"57";;;;;;;;;;;;;"Peluqueria Perfilado";"Baño Básico";;"Bono 10% próximo baño
PUEDE MORDER SECADO, TENER PACIENCIA ";"1";"2";;"120"
"77";"189";"217";"3";"2024-07-17";"17:53:00";"0";"0";"17:53:00";" Yobana Amaya ";" 573173701518 ";" 573222767803 ";;" Draco ";" Canina ";"  ";" M ";"Dorado";" Golden ";;;"0";;;;;;"70000";"1";"2";;"180"
"78";"31";"34";"3";"2023-12-08";"09:30:00";"0";"0";"10:30:00";;;"57";;;;;;;;;;;;;"No Aplica";"Baño Básico";;"Bono 10% próximo baño";"1";"1";;"60"
"80";"191";"219";"3";"2023-12-09";"09:00:00";"0";"0";"12:00:00";;;"57";;;;;;;;;;;;;"Peluqueria Estandar";"Baño Básico";"Higiénico";"Higiénico, despejado, perfilado, moñas, perfilado 
BONO PROXIMO 10% DESCUENTO ";"1";"1";"Desenredo";"180"
"81";"103";"116";"3";"2023-12-13";"10:21:00";"0";"0";"12:21:00";;;"573132757434";;;;;;;;;;;;;"Peluqueria Higiénico";"Baño Básico";"Deslanado";"1era vez";"1";"1";;"120"
"82";"200";"231";"3";"2023-12-17";"10:30:00";"0";"0";"12:30:00";;;"57";;;;;;;;;;;;;"Peluqueria Perfilado";"Baño Básico";;"perlas, juguetona";"1";"1";;"120"
"83";"202";"237";"3";"2023-12-20";"11:00:00";"0";"0";"12:00:00";;;"57";;;;;;;;;;;;;"No Aplica";"Baño Básico";;"Baño gato, Brian dió precio de $50.000";"1";"1";;"60"
"84";"202";"238";"3";"2023-12-17";"12:30:00";"0";"0";"19:00:00";;;"57";;;;;;;;;;;;;"Peluqueria Perfilado";"No Aplica";"No Aplica";;"1";"1";"No Aplica";"30"
"85";"204";"240";"3";"2024-01-09";"10:00:00";"0";"0";"12:00:00";" Katherine Tarazona  ";" 573214048443 ";" 15166601504 ";;" Layra ";" Canina ";"  ";" M ";"Bicolor negro-blanco";" Shi Tzu ";;;"0";;;"Peluqueria Perfilado";"Baño Básico";"Higiénico";"50.000 - 10% ( YA ADQUIRIÓ BONONAVIÑEDO ) 
PUEDE MORDER
PERFILAR EL CORTE CACHORRO/ 
";"1";"1";;"120"
"86";"151";"241";"3";"2023-12-19";"14:00:00";"0";"0";"16:00:00";;;"57";;;;;;;;;;;;;"Peluqueria Estandar";"Baño Básico";"Higiénico";"Tener cuidado con el ojo y la oreja.
Bono 10% descuento próximo baño.
45.000";"1";"1";;"120"
"87";"76";"85";"3";"2023-12-21";"10:30:00";"0";"0";"12:30:00";;;"57";;;;;;;;;;;;;"No Aplica";"Baño Básico";"Higiénico";"BAJAR #7 - ENREDADO TOTAL 
BONO 10% PROXIMO BAÑO 
45.000 ";"1";"1";;"120"
"88";"76";"244";"3";"2023-12-21";"10:30:00";"0";"0";"12:30:00";;;"57";;;;;;;;;;;;;"No Aplica";"Baño Básico";"Higiénico";"BAJAR #7 - ENREDADO TOTAL
BONO 10% PROXIMO BAÑO";"1";"2";;"120"
"102";"131";"145";"3";"2023-12-23";"16:00:00";"0";"0";"17:30:00";;;"57";;;;;;;;;;;;;"Peluqueria Estandar";"Baño Básico";;"Bono 10% descuento / Precio: $50.000";"1";"2";;"90"
"393";"432";"542";"3";"2024-10-05";"11:30:00";"0";"0";"15:30:00";;;"57";;;;;;;;;;;;;"Peluqueria Higiénico";"Baño Básico";"Desenredo";"$100.000 / Higiénico bien bajito / ";"1";"1";;"240"
"100";"83";"92";"3";"2023-12-23";"15:30:00";"0";"0";"17:00:00";;;"57";;;;;;;;;;;;;"Peluqueria Estandar";"Baño Básico";;"Bono 10% próximo baño / Precio: $50.000";"1";"1";;"90"
"101";"209";"247";"3";"2023-12-23";"14:00:00";"0";"0";"16:00:00";" Gina Ríos ";" 573134017809 ";" 57 ";;" Waffle ";" Felina ";"  ";" H ";"Barcino oscuro";" Mestizo ";;;"0";;;;"Baño Básico";"Higiénico";"AGRESIVA- SE ANESTESIÓ-Bono 10% próximo baño ";"1";"1";;"60"
"98";"208";"246";"3";"2023-12-23";"11:30:00";"0";"0";"12:30:00";" Angela Ortega ";" 573176356484 ";" 57 ";;" Kira ";" Canina ";"  ";" H ";"Bicolor blanco-negro";" Mestizo - husky ";;;"0";;;"Peluqueria Perfilado";"Baño Básico";"Higiénico";"PUEDE MORDER -NO FUE AGRESIVA
Bono 10% siguiente baño / Precio: $45.000";"1";"1";;"120"
"96";"138";"154";"3";"2023-12-22";"11:00:00";"0";"0";"12:00:00";;;"57";;;;;;;;;;;;;"No Aplica";"Baño Básico";;"PROXIMO BAÑO 10% 
PROBLEMA PIEL";"1";"1";;"60"
"394";"130";"144";"3";"2024-10-05";"13:00:00";"0";"0";"15:00:00";;;"57";;;;;;;;;;;;;"Peluqueria Perfilado";"Baño Básico";"Higiénico";"$60.000 / puede morder / bajar volumen cruz / BAÑO MEDICADO";"1";"2";;"120"
"95";"206";"243";"3";"2023-12-20";"10:00:00";"0";"0";"11:30:00";" Eduardo Rodriguez ";" 573133149116 ";"57";;" Blankira ";" Canina ";"2 Años 10 Meses 7 Días ";" H ";" Dorado";" Mestiza ";;;;;;"No Aplica";"Baño Básico";;"BONO 10% PROXIMO BAÑO 
$50.000
";"1";"1";;"90"
"103";"23";"23";"3";"2023-12-24";"13:00:00";"0";"0";"15:00:00";;;"573215216790";;;;;;;;;;;;;"Peluqueria Perfilado";"Baño Básico";"Higiénico";"Bono 10% próximo baño/precio: $60.000
Perfilado ""sutil""";"1";"1";"No Aplica";"120"
"104";"210";"249";"3";"2023-12-24";"16:00:00";"0";"0";"18:00:00";;;"57";;;;;;;;;;;;;"Peluqueria Perfilado";"Baño Básico";"Higiénico";"BAJAR #7 / CARA RASURADA / COLA POMPOM BAJITA
Bono 10% descuento próximo baño / Precio: $45.000
";"1";"1";;"120"
"105";"210";"250";"3";"2023-12-24";"16:00:00";"0";"0";"18:00:00";;;"57";;;;;;;;;;;;;"Peluqueria Estandar";"Baño Básico";"Higiénico";"Bono 10% descuento próximo baño / Precio: $50.000";"1";"2";;"120"
"106";"218";"255";"3";"2023-12-27";"16:58:00";"0";"0";"18:28:00";;;"57";;;;;;;;;;;;;"Peluqueria Perfilado";"Baño Básico";"Higiénico";"1era vez";"1";"1";;"90"
"107";"24";"24";"3";"2023-12-31";"09:14:00";"0";"0";"10:44:00";" Javier Bautista ";" 573208358486 ";"57";;" Luna ";" Felina ";"8 Meses 29 Días ";" H ";" Blanca";" Ragdoll Blue Point ";;;;;;"Peluqueria Higiénico";"Baño Básico";"No Aplica";"60000";"1";"1";"No Aplica";"90"
"109";"89";"263";"3";"2023-12-31";"13:30:00";"0";"0";"15:00:00";;;"573177221303";;;;;;;;;;;;;"Peluqueria Perfilado";"Baño Básico";"Higiénico";"Bono 10% próximo baño / Orejas enredadas / Precio $ 50.000";"1";"1";;"90"
"110";"226";"264";"3";"2024-01-02";"00:30:00";"0";"0";"02:30:00";" Alma Garrido ";" 573013572286 ";"57";;" Magola Garrillo  ";" Canina ";"12 Años ";" H ";" Café - Negro ";" Pastor Alemán   ";;;;;;"Peluqueria Perfilado";"Baño Básico";"Higiénico";"TENER CUIDADO CADERA
$70.000 ";"1";"1";;"120"
"173";"252";"299";"3";"2024-03-03";"11:00:00";"0";"0";"13:00:00";;;"57";;;;;;;;;;;;;"Peluqueria Estandar";"Baño Básico";"Higiénico";"$50.000 / PERFILAR BAJITO / COPETE DESPUNTADO PERO BAJITO ";"1";"1";;"120"
"112";"231";"271";"3";"2024-01-05";"16:30:00";"0";"0";"18:00:00";;;"57";;;;;;;;;;;;;"Peluqueria Perfilado";"Baño Básico";;"Precio $40.000";"1";"1";;"90"
"113";"101";"272";"3";"2024-01-06";"11:00:00";"0";"0";"13:00:00";" Sofía Cortes ";" 573128340284 ";"57";;" Coco ";" Canina ";"4 Años 7 Meses ";" M ";" Dorado";" Cocker Spaniel ";;;;;;"Peluqueria Perfilado";"Baño Básico";"Higiénico";"BAÑO MEDICADO/OTITIS /NERVIOSO/ BAJAR #4 /

60.000";"1";"1";;"120"
"114";"60";"68";"3";"2024-01-07";"15:21:00";"0";"0";"18:21:00";" Jeison Ruiz ";" 573133783175 ";"573168096694";;" Bruno ";" Canina ";"1 Año 2 Meses ";" M ";" Blanco";" Husky Siberiano ";;;;;;"Peluqueria Higiénico";"Baño Básico";;;"1";"1";;"180"
"116";"93";"102";"3";"2024-01-10";"10:20:00";"0";"0";"12:20:00";;;"57";;;;;;;;;;;;;"Peluqueria Estandar";"Baño Básico";"Higiénico";"45.000
";"1";"1";;"120"
"117";"55";"63";"3";"2024-01-13";"11:00:00";"0";"0";"13:30:00";;;"57";;;;;;;;;;;;;"Peluqueria Perfilado";"Baño Básico";"Higiénico";"55.000 
HIGIENICO PEQUEÑO ";"1";"1";;"150"
"118";"50";"58";"3";"2024-05-30";"12:04:00";"0";"0";"12:04:00";" Disney Díaz   ";" 573102647735 ";" 573003269613 ";;" Doggy ";" Canina ";"  ";" M ";"Dorado";" Golden retriever ";;;"0";;;;;;"$80.000 / Higiénico despejado / Tuvo insuficiencia renal / Tiene sobrepeso / Grasa en la cola";"1";"1";;"150"
"119";"240";"282";"3";"2024-01-13";"15:30:00";"0";"0";"17:00:00";;;"57";;;;;;;;;;;;;"Peluqueria Estandar";"Baño Básico";"No Aplica";"Requiere depilación en herida";"1";"1";"No Aplica";"90"
"120";"240";"283";"3";"2024-01-13";"16:00:00";"0";"0";"17:30:00";;;"57";;;;;;;;;;;;;"Peluqueria Higiénico";"Baño Básico";"No Aplica";;"1";"2";"No Aplica";"90"
"121";"121";"135";"3";"2024-01-13";"14:00:00";"0";"0";"15:30:00";;;"573112909900";;;;;;;;;;;;;"Peluqueria Perfilado";"Baño Básico";"Higiénico";;"1";"1";"No Aplica";"90"
"123";"245";"289";"3";"2024-01-19";"11:00:00";"0";"0";"12:30:00";;;"57";;;;;;;;;;;;;"Peluqueria Estandar";"Baño Básico";"Higiénico";"Precio: $45.000 | N° 7, bajar barba y copete";"1";"1";;"90"
"124";"229";"269";"3";"2024-01-19";"13:00:00";"0";"0";"14:30:00";;;"57";;;;;;;;;;;;;"Peluqueria Osito";"Baño Básico";"Higiénico";"Precio: $45.000 | Despejar paticas (guantes), N° 5";"1";"1";"No Aplica";"90"
"125";"14";"274";"3";"2024-01-20";"17:30:00";"0";"0";"19:00:00";;;"57";;;;;;;;;;;;;"Peluqueria Estandar";"Baño Básico";"Higiénico";"N° 7, cola Pincel y cara redonda | Precio: $55.000";"1";"1";"Trato especial";"90"
"368";"103";"116";"3";"2024-08-17";"18:00:00";"0";"0";"20:00:00";;;"573132757434";;;;;;;;;;;;;"Peluqueria Perfilado";"Baño Básico";"Higiénico";"$55.000 / Uña encarnada / ";"1";"1";;"120"
"128";"249";"293";"3";"2024-01-21";"13:30:00";"0";"0";"15:30:00";;;"57";;;;;;;;;;;;;"Peluqueria Perfilado";"Baño Básico";"Higiénico";"Bajar N° 7, cara redonda | Precio: $ 45.000";"1";"1";;"120"
"129";"43";"48";"3";"2024-01-23";"10:30:00";"0";"0";"12:00:00";;;"57";;;;;;;;;;;;;"Peluqueria Perfilado";"Baño Básico";"Higiénico";"Precio: $45.000 | Higiénico con tijera y cara redonda";"1";"1";"No Aplica";"90"
"130";"114";"128";"3";"2024-01-23";"16:00:00";"0";"0";"17:00:00";;;"57";;;;;;;;;;;;;"No Aplica";"Baño Básico";;"Precio: $60.000";"1";"1";;"60"
"131";"172";"195";"3";"2024-01-26";"15:30:00";"0";"0";"17:00:00";;;"57";;;;;;;;;;;;;"Peluqueria Perfilado";"Baño Básico";"Higiénico";"N° 7, higiénico, cara redonda, moñas y guantes";"1";"1";;"90"
"132";"221";"258";"3";"2024-01-27";"12:00:00";"0";"0";"13:00:00";;;"57";;;;;;;;;;;;;"No Aplica";"Baño Básico";;"45.000 
";"1";"1";;"60"
"133";"252";"299";"3";"2024-01-27";"11:00:00";"0";"0";"13:00:00";;;"57";;;;;;;;;;;;;"Peluqueria Estandar";"Baño Básico";"Higiénico";"$50.000
tercera edad";"1";"1";"No Aplica";"120"
"134";"252";"301";"3";"2024-01-27";"00:30:00";"0";"0";"01:30:00";;;"57";;;;;;;;;;;;;"No Aplica";"Baño Básico";;"$45.000
cachorra ";"1";"1";;"60"
"135";"222";"259";"3";"2024-01-27";"11:30:00";"0";"0";"12:30:00";;;"57";;;;;;;;;;;;;"No Aplica";"Baño Básico";;"$45.000
retirar bien shampoo, alergia lomo";"1";"2";;"60"
"136";"98";"108";"3";"2024-02-01";"09:00:00";"0";"0";"11:00:00";;;"573102189807";;;;;;;;;;;;;"Peluqueria Osito";"Baño Básico";"Higiénico";"tener cuidado pata y cola / estuvo enferma .
-10% DESCUENTO 45.000 

";"1";"1";;"120"
"137";"98";"110";"3";"2024-02-01";"09:00:00";"0";"0";"11:00:00";;;"573102189807";;;;;;;;;;;;;"No Aplica";"Baño Básico";;"-10% : 45.000 ";"1";"2";;"120"
"138";"98";"109";"3";"2024-02-01";"11:00:00";"0";"0";"13:00:00";;;"573102189807";;;;;;;;;;;;;"Peluqueria Osito";"Baño Básico";;"PERFILA COLA 
-10% : 45.000 ";"1";"1";;"120"
"139";"258";"306";"3";"2024-02-01";"16:00:00";"0";"0";"18:00:00";;;"57";;;;;;;;;;;;;"Peluqueria Cachorro";"Baño Básico";"Higiénico";"$45.000 / TERCERA EDAD / PROBLEMAS DE PIEL . ";"1";"1";;"120"
"143";"36";"40";"3";"2024-02-03";"09:40:00";"0";"0";"11:40:00";;;"57";;;;;;;;;;;;;"Peluqueria Cachorro";"Baño Básico";"Higiénico";"$45.000 / Cara redonda ";"1";"1";;"120"
"142";"36";"307";"3";"2024-02-03";"11:40:00";"0";"0";"13:40:00";;;"57";;;;;;;;;;;;;"Peluqueria Cachorro";"Baño Básico";"Higiénico";"$45.000 / Bajito el corte cachorro / cara redonda / ";"1";"1";;"120"
"272";"284";"348";"3";"2024-06-15";"10:00:00";"0";"0";"12:00:00";;;"57";;;;;;;;;;;;;"Peluqueria Higiénico";"Baño Básico";;"$55.000 / Guia alta lomo / perfilado bajito ";"1";"1";;"120"
"145";"262";"311";"3";"2024-06-13";"09:36:00";"0";"0";"09:36:00";" Sandra Medina  ";" 573112001939 ";"  ";;" Pite Medina ";" Canina ";"  ";" M ";"Blanco";" Bichon Habanero ";;;"0";;;;;;" $50.000 (-10% : 45.000 ) // 
Organizar manto no bajar mucho / higiénico a tijera / no bajar moña pero hacer cortina / no tocar barbas .";"1";"1";;"120"
"146";"37";"42";"3";"2024-02-03";"05:30:00";"0";"0";"07:30:00";;;"57";;;;;;;;;;;;;"No Aplica";"Baño Básico";"No Aplica";"$50.000 / ";"1";"1";"No Aplica";"120"
"147";"264";"313";"3";"2024-02-04";"12:00:00";"0";"0";"19:00:00";;;"57";;;;;;;;;;;;;"Peluqueria Perfilado";"Baño Básico";"Higiénico";"Primera vez en peluquería. Precio: $50.000";"1";"2";;"120"
"148";"182";"208";"3";"2024-02-04";"14:00:00";"0";"0";"16:00:00";;;"57";;;;;;;;;;;;;"Peluqueria Estandar";"Baño Básico";"Higiénico";"$ - / ";"1";"1";;"120"
"149";"182";"209";"3";"2024-02-04";"14:00:00";"0";"0";"16:00:00";;;"57";;;;;;;;;;;;;"Peluqueria Estandar";"Baño Básico";"Higiénico";"$ - / ";"1";"2";;"120"
"150";"180";"205";"3";"2024-02-06";"11:00:00";"0";"0";"13:00:00";;;"573124825779";;;;;;;;;;;;;"Peluqueria Estandar";"Baño Básico";;"$45.000
Dolor en articulaciones";"1";"1";;"120"
"151";"180";"206";"3";"2024-02-07";"09:00:00";"0";"0";"11:00:00";;;"573124825779";;;;;;;;;;;;;"No Aplica";"Baño Básico";;"Precio: $60.000";"1";"1";;"120"
"152";"172";"194";"3";"2024-02-08";"09:00:00";"0";"0";"11:00:00";;;"573112382691";;;;;;;;;;;;;"No Aplica";"Baño Básico";;"$50.000 / Otitis";"1";"1";;"120"
"153";"172";"318";"3";"2024-02-08";"10:00:00";"0";"0";"19:00:00";" Diego Andrés Alzate  ";" 573132835810 ";" 573112382691 ";;" Atom ";" Canina ";"  ";" M ";"Bicolor - Blanco - beage";" Shih Tzu ";;;"50.000";;;;"Baño Básico";"Higiénico";"$50.000 / BAJAR #4  /  CARA REDONDA / PERFILAR BIEN LAS PATAS BAJITAS / BIEN DESPEJADO LOS OJOS. ";"1";"2";;"120"
"154";"172";"319";"3";"2024-02-08";"12:15:00";"0";"0";"19:00:00";" Diego Andrés Alzate  ";" 573132835810 ";" 573112382691 ";;" Joe ";" Canina ";"  ";" M ";"Bicolor - Gris - Café ";" Shih Tzu  ";;;"50.000";;;"Peluqueria Perfilado";"Baño Básico";"Higiénico";"$50.000 / BAJAR #4 / CARA REDONDA / DESPEJAR BIEN OJOS / GUANTES. 
PUEDE MORDER. ";"1";"1";;"120"
"155";"225";"262";"3";"2024-02-11";"12:00:00";"0";"0";"19:00:00";;;"57";;;;;;;;;;;;;"No Aplica";"Baño Básico";;;"1";"1";;"90"
"156";"275";"333";"3";"2024-02-10";"05:00:00";"0";"0";"07:00:00";;;"57";;;;;;;;;;;;;"Peluqueria Perfilado";"Baño Básico";"Higiénico";"$55.000 / BAJAR #7 / CARA REDONDA ";"1";"1";;"120"
"157";"278";"337";"3";"2024-02-11";"13:30:00";"0";"0";"15:30:00";;;"57";;;;;;;;;;;;;"Peluqueria Perfilado";"Baño Básico";"Desenredo";"Precio: $60.000 (incluyendo el desenredo)";"1";"2";"Higiénico";"120"
"158";"278";"338";"3";"2024-02-13";"10:00:00";"0";"0";"00:00:00";" Nohra Bogotá ";" 573125658147 ";" 57 ";;" Celeste ";" Felina ";"  ";" H ";"Tricolor";" Mestizo ";;;"0";;;"No Aplica";"Baño Básico";;"Precio: $60.000";"1";"1";;"90"
"159";"99";"111";"3";"2024-09-11";"14:21:00";"0";"0";"16:20:00";" Alexander  Galindo  ";" 573102068620 ";" 573102360940 ";;" Mia Galindo ";" Canina ";"  ";" H ";"Miel";" Cocker spaniel ";;;"0";;;"Peluqueria Estandar";"Baño Básico";"Higiénico";"$55.000 / Base #7 / No tocar barbas ni copete / Faldón perfilar un poco más / Ansiosa ";"1";"1";;"120"
"297";"24";"24";"3";"2024-06-27";"15:00:00";"0";"0";"16:00:00";;;"57";;;;;;;;;;;;;"Peluqueria Perfilado";"Baño Especial";"Higiénico";"$30.000 / BAÑO SECO / Higiénico despejado / JUICIOSA ";"1";"1";;"60"
"227";"222";"259";"3";"2024-04-23";"12:00:00";"0";"0";"13:30:00";;;"57";;;;;;;;;;;;;"Peluqueria Estandar";"Baño Básico";"No Aplica";"$50.000";"1";"1";;"90"
"166";"277";"336";"3";"2024-02-17";"09:00:00";"0";"0";"10:00:00";;;"57";;;;;;;;;;;;;"Peluqueria Perfilado";"Baño Especial";"Higiénico";"$25.000 / bañar solo las patas / cepillar / perfilas patas";"1";"1";;"60"
"165";"44";"49";"3";"2024-02-17";"22:00:00";"0";"0";"00:00:00";;;"57";;;;;;;;;;;;;"Peluqueria Perfilado";"Baño Básico";;"$ 60.000 / ";"1";"1";;"120"
"164";"286";"350";"3";"2024-04-12";"10:00:00";"0";"0";"00:00:00";" Liliana Rodriguez ";" 573208987441 ";" 57 ";;" Tommy Rodriguez ";" Canina ";"  ";" M ";"Blanco";" Cruce Poodle ";;;"0";;;"Peluqueria Perfilado";"Baño Básico";"Higiénico";"$55.000 / Bajar#7/ Higiénico #7/ Cara redonda bajita / perfilar cejas 
llamar al 4818037 - 3212665851";"1";"1";;"120"
"168";"221";"258";"3";"2024-02-18";"14:30:00";"0";"0";"15:30:00";;;"57";;;;;;;;;;;;;"No Aplica";"Baño Básico";"Deslanado";"Precio: $45.000";"1";"1";"No Aplica";"60"
"371";"456";"572";"3";"2024-08-24";"10:00:00";"0";"0";"11:30:00";;;"57";;;;;;;;;;;;;"Peluqueria Perfilado";"Baño Básico";;"$55.000 / N° 7 toda / Perra adulta / En proceso de otitis";"1";"1";;"90"
"449";"629";"819";"3";"2025-01-11";"09:30:00";"0";"0";"11:30:00";" Katrin Bolívar ";" 573174993283 ";"57";;" Karu ";" Canina ";"6 Años 1 Mes 3 Días ";" H ";" Negro-blanco-café";" Bernes de la montaña ";;;;;;"Peluqueria Estandar";"Baño Básico";;;"1";"1";;"120"
"174";"36";"40";"3";"2024-03-03";"15:00:00";"0";"0";"16:30:00";;;"57";;;;;;;;;;;;;"Peluqueria Cachorro";"Baño Básico";"Higiénico";"$50.000/ TIENE GARRAPATA  / bajar axila / cara redonda / ";"1";"1";;"90"
"176";"303";"371";"3";"2024-03-03";"16:30:00";"0";"0";"19:00:00";;;"57";;;;;;;;;;;;;"Peluqueria Perfilado";"Baño Básico";;"$50.000";"1";"2";;"90"
"178";"130";"144";"3";"2024-03-09";"09:00:00";"0";"0";"11:00:00";;;"57";;;;;;;;;;;;;"Peluqueria Perfilado";"Baño Especial";"Higiénico";"$50.000 / Baño medicado / puede morder ";"1";"1";;"120"
"181";"255";"303";"3";"2024-03-09";"11:00:00";"0";"0";"13:00:00";;;"57";;;;;;;;;;;;;"No Aplica";"Baño Básico";"Higiénico";"$75.000 / trato especial / lesión pata trasera ";"1";"1";;"120"
"180";"221";"258";"3";"2024-03-09";"14:00:00";"0";"0";"16:00:00";;;"57";;;;;;;;;;;;;"No Aplica";"Baño Básico";"No Aplica";"$45.000 / otitis ";"1";"1";;"120"
"182";"98";"108";"3";"2024-03-10";"09:00:00";"0";"0";"11:00:00";;;"573102189807";;;;;;;;;;;;;"Peluqueria Osito";"Baño Básico";"Higiénico";;"1";"1";;"120"
"183";"98";"109";"3";"2024-03-10";"11:00:00";"0";"0";"12:30:00";;;"573102189807";;;;;;;;;;;;;"No Aplica";"Baño Básico";;;"1";"1";;"90"
"184";"98";"110";"3";"2024-03-10";"12:30:00";"0";"0";"13:30:00";;;"573102189807";;;;;;;;;;;;;"No Aplica";"Baño Básico";;;"1";"1";;"60"
"188";"312";"380";"3";"2024-03-13";"13:00:00";"0";"0";"16:00:00";" Andrés Gómez ";" 573134925949 ";"57";;" Tayler ";" Canina ";"11 Años 6 Meses 13 Días ";" M ";" Bicolor";" Husky Siberiano ";;;;;;"Peluqueria Perfilado";"Baño Básico";"Higiénico";"$70.000 / Cansón / requiere de fuerza realizarlo / subir precio  ";"1";"1";;"180"
"250";"22";"22";"3";"2024-05-16";"09:00:00";"0";"0";"11:00:00";;;"57";;;;;;;;;;;;;"No Aplica";"Baño Básico";;"$30.000 
FUERON LOS 3 CACHORROS";"1";"2";;"120"
"251";"381";"472";"3";"2024-05-10";"12:00:00";"0";"0";"14:00:00";" Alejandra Navarro ";" 573154857214 ";"57";;" Luna Navarro ";" Canina ";"5 Años 9 Meses 1 Día ";" H ";" Blanco-Café";" Border Collie ";;;;;;"Peluqueria Perfilado";"Baño Básico";"Higiénico";"$60.000 / Bajar volumen lomo / Patas traseras bien desbastadas 
JUICIOSA ";"1";"1";;"120"
"187";"292";"357";"3";"2024-03-14";"09:30:00";"0";"0";"11:30:00";;;"57";;;;;;;;;;;;;"Peluqueria Perfilado";"Baño Básico";;"$50.000 / Cachorro/  Perfilar bien / dejar bien seco / ";"1";"1";;"120"
"189";"312";"381";"3";"2024-03-13";"16:00:00";"0";"0";"18:00:00";" Andrés Gómez ";" 573134925949 ";"57";;" Sara ";" Canina ";"8 Años 13 Días ";" H ";" Bicolor";" Siberiano ";;;;;;"Peluqueria Perfilado";"Baño Básico";"Higiénico";"$70.000 / agresiva /    ";"1";"1";;"120"
"190";"139";"167";"3";"2024-03-16";"03:30:00";"0";"0";"05:30:00";;;"573137183234";;;;;;;;;;;;;"Peluqueria Perfilado";"Baño Especial";"Higiénico";"$30.000 / Bravo / BAÑO SECO / higienico /";"1";"1";;"120"
"191";"320";"389";"3";"2024-03-17";"10:30:00";"0";"0";"12:30:00";;;"57";;;;;;;;;;;;;"Peluqueria Perfilado";"Baño Básico";"Higiénico";"Precio: $60.000";"1";"1";;"120"
"192";"172";"195";"3";"2024-03-17";"12:30:00";"0";"0";"14:30:00";;;"573112382691";;;;;;;;;;;;;"Peluqueria Perfilado";"Baño Básico";"Higiénico";"$50.000 / Bajar #7 / cara redonda / moñas / viejita ";"1";"1";;"120"
"193";"172";"318";"3";"2024-03-17";"14:30:00";"0";"0";"16:30:00";;;"573112382691";;;;;;;;;;;;;"Peluqueria Perfilado";"Baño Básico";"Higiénico";"$50.000 / BAJAR #4 / CARA REDONDA / PERFILAR BIEN LAS PATAS BAJITAS / BIEN DESPEJADO LOS OJOS.";"1";"1";;"120"
"194";"172";"319";"3";"2024-03-17";"16:30:00";"0";"0";"18:30:00";;;"573112382691";;;;;;;;;;;;;"Peluqueria Perfilado";"Baño Básico";;" $50.000 / BAJAR #4 / CARA REDONDA / DESPEJAR BIEN OJOS / GUANTES.";"1";"1";;"120"
"196";"172";"194";"3";"2024-03-17";"16:30:00";"0";"0";"19:00:00";;;"573112382691";;;;;;;;;;;;;"No Aplica";"Baño Especial";;"$35.000 / Baño seco / puede morder";"1";"2";;"60"
"197";"14";"274";"3";"2024-03-21";"11:00:00";"0";"0";"13:00:00";;;"57";;;;;;;;;;;;;"Peluqueria Perfilado";"Baño Básico";"Higiénico";"Precio: $50.000 / cola Pincel / cara redonda ";"1";"1";;"120"
"198";"329";"401";"3";"2024-03-21";"13:00:00";"0";"0";"19:00:00";;;"57";;;;;;;;;;;;;"Peluqueria Estandar";"Baño Básico";;;"1";"1";;"120"
"199";"333";"405";"3";"2024-03-23";"14:00:00";"0";"0";"15:30:00";;;"57";;;;;;;;;;;;;"No Aplica";"Baño Básico";"No Aplica";"$55.000";"1";"1";;"90"
"200";"236";"278";"3";"2024-03-23";"15:30:00";"0";"0";"17:00:00";;;"57";;;;;;;;;;;;;"Peluqueria Perfilado";"Baño Básico";"No Aplica";"$50.000";"1";"1";"No Aplica";"90"
"201";"231";"271";"3";"2024-03-24";"22:00:00";"0";"0";"00:00:00";;;"57";;;;;;;;;;;;;"Peluqueria Cachorro";"Baño Básico";"Higiénico";"$45.000 / #4 ";"1";"1";;"120"
"202";"180";"205";"3";"2024-03-26";"09:00:00";"0";"0";"10:30:00";;;"573124825779";;;;;;;;;;;;;"Peluqueria Estandar";"Baño Básico";;"Corte normal Znauzer";"1";"1";;"90"
"203";"120";"134";"3";"2024-03-30";"11:00:00";"0";"0";"13:00:00";;;"57";;;;;;;;;;;;;"Peluqueria Perfilado";"Baño Básico";"Higiénico";"$70.000 / ";"1";"1";;"120"
"204";"338";"411";"3";"2024-03-30";"13:00:00";"0";"0";"14:30:00";;;"57";;;;;;;;;;;;;"No Aplica";"Baño Básico";;"Precio: $50.000";"1";"1";;"90"
"205";"338";"412";"3";"2024-03-30";"14:00:00";"0";"0";"19:00:00";;;"57";;;;;;;;;;;;;"No Aplica";"Baño Básico";;"Precio: $50.000";"1";"2";;"90"
"206";"31";"34";"3";"2024-04-02";"10:00:00";"0";"0";"11:00:00";;;"57";;;;;;;;;;;;;"No Aplica";"Baño Básico";;;"1";"1";;"60"
"320";"466";"588";"3";"2024-07-16";"09:30:00";"0";"0";"19:00:00";;;"57";;;;;;;;;;;;;"Peluqueria Perfilado";"Baño Básico";"Higiénico";"$70.000 Autorizan solo cortar nudos / MORDIÓ ";"1";"1";;"120"
"208";"221";"258";"3";"2024-04-07";"16:00:00";"0";"0";"18:00:00";;;"57";;;;;;;;;;;;;"No Aplica";"Baño Básico";;"$45.000 / Otitis / rasquina en las patas traseras";"1";"1";;"120"
"209";"191";"219";"3";"2024-04-09";"12:00:00";"0";"0";"15:00:00";;;"57";;;;;;;;;;;;;"Peluqueria Perfilado";"Baño Básico";"Higiénico";"$95.000 / Enredada / Pelar #7 / Moñas ";"1";"1";;"180"
"210";"76";"85";"3";"2024-04-10";"09:20:00";"0";"0";"11:20:00";;;"57";;;;;;;;;;;;;"Peluqueria Perfilado";"Baño Básico";"Higiénico";"$50.000 / #4 / Cara redonda / ";"1";"1";;"120"
"211";"76";"244";"3";"2024-04-10";"11:20:00";"0";"0";"13:20:00";;;"57";;;;;;;;;;;;;"Peluqueria Perfilado";"Baño Básico";"Higiénico";"$50.000 / #4 / Cara redonda ";"1";"1";;"120"
"215";"154";"171";"3";"2024-04-06";"09:00:00";"0";"0";"11:00:00";" Lissy Murillo ";" 573138635983 ";" 57 ";;" Bagheera ";" Felina ";"  ";" H ";"Negro";" Mestizo ";;;"60.000";;;"No Aplica";"Baño Básico";;"$60.000 / no secar directo- en guacal / nerviosa secado ";"1";"1";;"120"
"252";"381";"473";"3";"2024-05-10";"13:00:00";"0";"0";"14:00:00";" Alejandra Navarro ";" 573154857214 ";"57";;" Morgan Navarro ";" Canina ";"10 Años 9 Meses 11 Días ";" M ";" Blanco";" Bull terrier ";;;;;;"No Aplica";"Baño Básico";;"$55.000 / Viejito 
JUICIOSO ";"1";"1";;"60"
"213";"352";"433";"3";"2024-04-12";"11:30:00";"0";"0";"13:00:00";;;"57";;;;;;;;;;;;;"No Aplica";"Baño Básico";"No Aplica";"Precio $60.000";"1";"1";"No Aplica";"90"
"216";"154";"426";"3";"2024-04-06";"11:00:00";"0";"0";"13:00:00";" Lissy Murillo ";" 573138635983 ";" 57 ";;" Baloo ";" Felina ";"  ";" M ";"Negro";" Mestizo ";;;"60.000";;;"Peluqueria Perfilado";"Baño Básico";;"$60.000 / BRAVO / No secar directo - guacal / Bravo secado / perfilado ";"1";"1";;"120"
"217";"36";"307";"3";"2024-04-13";"10:00:00";"0";"0";"12:00:00";" Angie Rivera  ";" 573219199673 ";"57";;" Droopy ";" Canina ";"11 Años 1 Mes 11 Días ";" M ";" Bicolor blanco-gris";" Shih tzu ";;;;;;"Peluqueria Cachorro";"Baño Básico";"Higiénico";"$50.000 / Corte cachorro bajito / cara redonda / ";"1";"1";;"120"
"218";"36";"435";"3";"2024-04-13";"12:00:00";"0";"0";"14:00:00";" Angie Rivera  ";" 573219199673 ";"57";;" Benji ";" Canina ";"1 Año 7 Meses ";" M ";" Bicolor blanco-gris";" Shih Tzu ";;;;;;"Peluqueria Perfilado";"Baño Básico";"Higiénico";"$50.000 / #7 / Cara redonda / Enredado ";"1";"1";;"120"
"219";"292";"357";"3";"2024-04-16";"11:00:00";"0";"0";"13:00:00";;;"57";;;;;;;;;;;;;"Peluqueria Perfilado";"Baño Básico";;"$50.000 / Cachorro/ Perfilar bien / dejar bien seco /";"1";"1";;"120"
"220";"206";"243";"3";"2024-04-16";"09:00:00";"0";"0";"10:30:00";;;"57";;;;;;;;;;;;;"Peluqueria Perfilado";"Baño Básico";"Higiénico";"$50.000 / #7 cuerpo /";"1";"1";;"90"
"221";"151";"241";"3";"2024-04-16";"16:00:00";"0";"0";"18:00:00";;;"57";;;;;;;;;;;;;"Peluqueria Estandar";"Baño Básico";"Higiénico";"$50.000 / Base #10 - Faldón #7 / Hacer copete / cejas bajitas 
Tener cuidado con el ojo y la orejita ";"1";"1";;"120"
"222";"361";"443";"3";"2024-04-18";"10:00:00";"0";"0";"12:00:00";;;"573144111742";;;;;;;;;;;;;"Peluqueria Perfilado";"Baño Básico";"Higiénico";"$60.000";"1";"1";;"120"
"223";"361";"444";"3";"2024-04-18";"15:00:00";"0";"0";"16:30:00";;;"573144111742";;;;;;;;;;;;;"No Aplica";"Baño Básico";"No Aplica";"$55.000";"1";"1";;"90"
"224";"144";"160";"3";"2024-04-19";"10:00:00";"0";"0";"12:00:00";" Daniel Pinzón ";" 573218034664 ";" 57 ";;" Rocko ";" Canina ";"  ";" M ";"Tricolor";" Border collie ";;;"60.000";;;"Peluqueria Perfilado";"Baño Básico";"Higiénico";"$60.000 / perfilado / bajar un poco volumen cruz. ";"1";"1";;"120"
"225";"44";"49";"3";"2024-04-19";"12:00:00";"0";"0";"14:00:00";;;"57";;;;;;;;;;;;;"Peluqueria Perfilado";"Baño Básico";"Higiénico";"$60.000 / Perfilado ";"1";"1";;"120"
"226";"249";"293";"3";"2024-04-21";"12:30:00";"0";"0";"19:00:00";;;"57";;;;;;;;;;;;;"Peluqueria Perfilado";"Baño Básico";"Higiénico";"$45.000 / #7 / CARA REDONDA / TENER CUIDADO BERRUGAS ";"1";"1";;"120"
"230";"158";"452";"3";"2024-04-27";"11:30:00";"0";"0";"13:30:00";;;"57";;;;;;;;;;;;;"Peluqueria Perfilado";"Baño Básico";;"$50.000 / Sin higienico ";"1";"1";;"120"
"231";"158";"453";"3";"2024-04-27";"13:30:00";"0";"0";"15:30:00";;;"57";;;;;;;;;;;;;"Peluqueria Perfilado";"Baño Básico";;"$60.000 / Sin higiénico / ";"1";"1";;"120"
"232";"152";"169";"3";"2024-04-27";"11:00:00";"0";"0";"13:00:00";;;"57";;;;;;;;;;;;;"Peluqueria Perfilado";"Baño Básico";"Higiénico";"$50.000 / guia baja / cara redonda / cola pincel ";"1";"2";;"120"
"233";"19";"19";"3";"2024-04-27";"15:30:00";"0";"0";"18:30:00";;;"57";;;;;;;;;;;;;"Peluqueria Perfilado";"Baño Básico";"Higiénico";"$90.000 / PIODERMA / muerde / requiere delanado ";"1";"1";;"180"
"395";"389";"722";"3";"2024-10-05";"15:00:00";"0";"0";"17:00:00";;;"57";;;;;;;;;;;;;"Peluqueria Higiénico";"Baño Básico";;"$55.000 / Champú whitening";"1";"2";;"120"
"235";"156";"173";"3";"2024-04-28";"12:30:00";"0";"0";"14:30:00";;;"57";;;;;;;;;;;;;"Peluqueria Perfilado";"Baño Básico";"Higiénico";"$50.000 / BAJAR #7 / DEJAR COPETE / PERFILAR OREJAS POCO / ";"1";"1";;"120"
"236";"156";"174";"3";"2024-04-28";"14:30:00";"0";"0";"16:30:00";;;"57";;;;;;;;;;;;;"Peluqueria Perfilado";"Baño Básico";"Higiénico";"$50.000 / BAJAR #7 / DEJAR COPETE / PERFILAR OREJAS POCO  ";"1";"1";;"120"
"237";"130";"144";"3";"2024-05-04";"09:00:00";"0";"0";"11:00:00";;;"57";;;;;;;;;;;;;"Peluqueria Perfilado";"Baño Especial";"Higiénico";"$50.000 / puede morder / bajar volumen cruz
BAÑO MEDICADO
";"1";"1";;"120"
"238";"270";"321";"3";"2024-05-04";"10:30:00";"0";"0";"11:30:00";" Tatiana Quintero ";" 573212138938 ";" 57 ";;" Tadeo ";" Canina ";"  ";" M ";"Gris/Blanco";" Mestizo ";;;"0";;;"Peluqueria Perfilado";"Baño Básico";"Higiénico";"$50.000 Bajar volumen del cuerpo / cara redonda bajita 
ANSIOSO ";"1";"1";;"120"
"239";"166";"186";"3";"2024-05-03";"11:00:00";"0";"0";"12:30:00";;;"57";;;;;;;;;;;;;"Peluqueria Perfilado";"Baño Básico";"Higiénico";"$50.000 con 10% : $45.000
NO BAJAR BIGOTES, NI CEJAS";"1";"1";;"90"
"240";"374";"464";"3";"2024-05-04";"11:00:00";"0";"0";"12:30:00";;;"57";;;;;;;;;;;;;"No Aplica";"Baño Básico";;"Precio: $60.000";"1";"2";;"90"
"241";"245";"289";"3";"2024-05-07";"11:30:00";"0";"0";"13:30:00";;;"57";;;;;;;;;;;;;"Peluqueria Perfilado";"Baño Básico";"Higiénico";"$45.000 / Cara rasurada / bajar #7 / Viejito ";"1";"1";;"120"
"242";"180";"205";"3";"2024-05-10";"09:00:00";"0";"0";"19:00:00";;;"573124825779";;;;;;;;;;;;;"Peluqueria Perfilado";"Baño Básico";;"$45.000 Viejita";"1";"1";;"90"
"243";"383";"476";"3";"2024-05-12";"09:30:00";"0";"0";"11:30:00";;;"57";;;;;;;;;;;;;"Peluqueria Perfilado";"Baño Básico";"Higiénico";"$75.000 / BAJO EL HIGIENICO /

PUEDE MORDER / ADULTA MAYOR ";"1";"1";;"120"
"244";"383";"477";"3";"2024-05-12";"11:30:00";"0";"0";"13:30:00";;;"57";;;;;;;;;;;;;"Peluqueria Perfilado";"Baño Básico";"Higiénico";"$75.000 / PUEDE MORDER";"1";"1";;"120"
"245";"383";"478";"3";"2024-05-12";"15:00:00";"0";"0";"17:00:00";;;"57";;;;;;;;;;;;;"Peluqueria Perfilado";"Baño Básico";"Higiénico";"$75.000 / PUEDE MORDER ";"1";"1";;"120"
"246";"182";"208";"3";"2024-05-12";"10:00:00";"0";"0";"11:30:00";;;"57";;;;;;;;;;;;;"Peluqueria Estandar";"Baño Básico";;"$50.000 y descuento 10%";"1";"2";;"90"
"247";"182";"209";"3";"2024-05-12";"11:30:00";"0";"0";"13:00:00";;;"57";;;;;;;;;;;;;"Peluqueria Estandar";"Baño Básico";;"$50.000 y descuento 10%";"1";"2";;"90"
"248";"17";"17";"3";"2024-05-12";"14:00:00";"0";"0";"16:00:00";;;"57";;;;;;;;;;;;;"Peluqueria Estandar";"Baño Básico";;"$75.000";"1";"2";;"120"
"249";"284";"348";"3";"2024-05-16";"09:30:00";"0";"0";"10:30:00";" Yurima Cabarcas ";" 573188789855 ";" 57 ";;" Juancho Cabarcas ";" Canina ";"  ";" M ";"Dorado";" Mestizo ";;;"0";;;"Peluqueria Perfilado";"Baño Básico";"Higiénico";"$55.000 ( 10% ) : $50.000 / Guia alta en lomo.
JUICIOSO ";"1";"1";;"120"
"253";"252";"299";"3";"2024-05-11";"15:00:00";"0";"0";"17:00:00";" Necty Cárdenas ";" 573112937698 ";"57";;" Katha Cárdenas ";" Canina ";"11 Años 6 Meses 5 Días ";" H ";" Miel";" Cocker ";;;;;;"Peluqueria Estandar";"Baño Básico";"Higiénico";"$50.000 / Enredada axilas y pecho / Bajar volumen / perfilar copete 
Viejita - muerde uñas";"1";"1";;"120"
"254";"166";"186";"3";"2024-05-21";"22:00:00";"0";"0";"00:00:00";;;"57";;;;;;;;;;;;;"Peluqueria Perfilado";"Baño Básico";"Higiénico";"$50.000 / Perfilar barbas y cejas poco / Bajar volumen guia alta";"1";"1";;"120"
"255";"158";"453";"3";"2024-05-25";"09:00:00";"0";"0";"11:00:00";;;"57";;;;;;;;;;;;;"Peluqueria Perfilado";"Baño Básico";;"$60.000 / Higienico a tijera sutil / Perfilado sutil ";"1";"1";;"120"
"256";"166";"493";"3";"2024-05-21";"13:00:00";"0";"0";"15:00:00";" Ruth Pinzón ";" 573506678708 ";"57";;" Michi Pinzón ";" Felina ";"1 Año 7 Meses 22 Días ";" M ";" Pardo";" Mestizo ";;;;;;"No Aplica";"Baño Básico";;"$60.000 (-10% ) 
54.000 Nervioso secado / se recomienda baño seco ";"1";"2";;"120"
"257";"394";"491";"3";"2024-05-21";"09:00:00";"0";"0";"12:00:00";" Yazmith Muñoz ";" 573142733102 ";"57";;" Asia Muñoz ";" Canina ";"9 Años 9 Meses 3 Días ";" H ";" Dorado";" Mestiza ";;;;;;"Peluqueria Perfilado";"Baño Básico";"Higiénico";"$90.000 / Muy enredada patas traseras / Exceso pelo muerto 
Juiciosa ";"1";"1";;"180"
"259";"292";"357";"3";"2024-05-28";"10:30:00";"0";"0";"12:00:00";;;"57";;;;;;;;;;;;;"Peluqueria Perfilado";"Baño Básico";;"$50.000 / Cachorro/ Perfilar bien / dejar bien seco /";"1";"1";;"90"
"263";"206";"243";"3";"2024-06-01";"09:00:00";"0";"0";"11:00:00";" Eduardo Rodriguez ";" 573133149116 ";"57";;" Blankira ";" Canina ";"2 Años 4 Meses 1 Día ";" H ";" Dorado";" Mestiza ";;;;;;"Peluqueria Perfilado";"Baño Básico";;"$50.000 / Bajar cuerpo #7 / 
 JUICIOSA";"1";"1";;"120"
"262";"236";"278";"3";"2024-05-30";"15:00:00";"0";"0";"17:00:00";" Juan Esteban Ordoñez ";" 573144825956 ";"57";;" Rocky Ordoñez ";" Canina ";"2 Años 2 Meses 3 Días ";" M ";" Dorado";" Mestizo ";;;;;;"Peluqueria Perfilado";"Baño Básico";;"$50.000 / Perfilado / Nervioso no muerde ";"1";"1";;"120"
"264";"326";"398";"3";"2024-06-01";"12:00:00";"0";"0";"14:00:00";" Fabio Zipacon ";" 573123507799 ";"57";;" Tokyo Zipacon ";" Canina ";"8 Días ";" M ";" Red merlet";" Border Collie ";;;;;;"No Aplica";"Baño Básico";;"$75.000 / MUERDE / NO perfilar / Nudos en las orejas ";"1";"1";;"120"
"265";"326";"414";"3";"2024-06-01";"14:30:00";"0";"0";"16:30:00";" Fabio Zipacon ";" 573123507799 ";"57";;" Kenji Zipacon ";" Canina ";"4 Años 8 Días ";" M ";" Bicolor Blanco-Negro";" Husky ";;;;;;"No Aplica";"Baño Básico";;"$75.000 / PUEDE MORDER / deslanado / no perfilar ";"1";"1";;"120"
"266";"348";"425";"3";"2024-06-10";"00:00:00";"0";"0";"02:00:00";;;"57";;;;;;;;;;;;;"Peluqueria Perfilado";"Baño Especial";"Higiénico";"$53.000 / ADICIONAL WHITENNING / Higiénico #7 / Perfilado sutil / Desenredar ";"1";"1";;"120"
"267";"414";"520";"3";"2024-06-14";"09:00:00";"0";"0";"11:00:00";" Doris Escobar ";" 573144198414 ";"57";;" Matt ";" Canina ";"5 Años 3 Meses 7 Días ";" M ";" Bicolor Negro - Cafe";" Yorkie ";;;;;;"Peluqueria Perfilado";"Baño Básico";"Higiénico";"$50.000 / PROBLEMAS CARDIACOS ";"1";"1";;"120"
"268";"414";"521";"3";"2024-06-14";"11:00:00";"0";"0";"13:00:00";" Doris Escobar ";" 573144198414 ";"57";;" Gira ";" Canina ";"7 Años 10 Meses 3 Días ";" H ";" Dorado";" Yorkie ";;;;;;"Peluqueria Perfilado";"Baño Básico";"Higiénico";"$50.000 ";"1";"1";;"120"
"269";"414";"522";"3";"2024-06-14";"13:00:00";"0";"0";"15:00:00";" Doris Escobar ";" 573144198414 ";"57";;" Prince ";" Canina ";"1 Año 9 Meses ";" M ";" Blanco";" Pomerania ";;;;;;"Peluqueria Perfilado";"Baño Básico";"Higiénico";"$50.000 ";"1";"1";;"120"
"273";"270";"321";"3";"2024-06-15";"12:00:00";"0";"0";"14:00:00";;;"57";;;;;;;;;;;;;"Peluqueria Cachorro";"Baño Básico";"Higiénico";"$50.000 / Bajar volumen del cuerpo / cara redonda bajita ANSIOSO";"1";"1";;"120"
"271";"258";"306";"3";"2024-06-13";"12:00:00";"0";"0";"14:00:00";;;"573005046499";;;;;;;;;;;;;"Peluqueria Perfilado";"Baño Básico";"Higiénico";"$50.000 / #4 cuerpo / #7 Patas / cara redonda 
se recomienda un Baño medicado / Viejita / problemas de piel ";"1";"1";;"120"
"274";"130";"144";"3";"2024-06-15";"14:00:00";"0";"0";"16:00:00";;;"57";;;;;;;;;;;;;"Peluqueria Perfilado";"Baño Básico";"Higiénico";"$55.000 / puede morder / bajar volumen cruz BAÑO MEDICADO";"1";"1";;"120"
"275";"416";"524";"3";"2024-06-11";"13:00:00";"0";"0";"15:00:00";" William Ospina ";" 573153457500 ";"57";;" Alaska ";" Canina ";"1 Año 3 Meses 14 Días ";" H ";" Blanco";" Husky ";;;;;;"Peluqueria Perfilado";"Baño Especial";"Higiénico";"$78.000 / Shampoo whitening / Juiciosa le molesta que le toquen las patas 
NO MORDIÓ ";"1";"1";;"120"
"276";"48";"55";"3";"2024-10-11";"14:30:00";"0";"0";"16:00:00";" Angela Guerrero ";" 573184560182 ";" 57 ";;" Simon ";"  ";"  ";" M ";"Dorado";" Cruce Poodle ";;;"55000";;;;;;"$55.000 / Despejar cara y patas";"1";"1";;"120"
"447";"447";"616";"3";"2024-12-19";"14:00:00";"0";"0";"15:30:00";;;"57";;;;;;;;;;;;;"Peluqueria Perfilado";"Baño Básico";;" $50.000 / #7 cuerpo / Viejito / Aparentemente problemas respiratorios / Juiciosos";"1";"2";"Higiénico";"90"
"277";"410";"515";"3";"2024-06-06";"12:00:00";"0";"0";"19:00:00";" Fabián Ruiz ";" 573236154267 ";"57";;" Tarja ";" Canina ";"2 Años 7 Meses 11 Días ";" H ";" Bicolor";" Bullterrier";;;;;;"No Aplica";"Baño Básico";;"$55.000 / Ansiosa juiciosa / le molesta un poco el soplador ";"1";"1";;"60"
"397";"341";"730";"3";"2024-10-11";"15:00:00";"0";"0";"16:30:00";;;"57";;;;;;;;;;;;;"Peluqueria Estandar";"Baño Básico";;"No bajar demasiado / Corte Schanuzer";"1";"2";;"90"
"279";"43";"48";"3";"2024-06-17";"14:00:00";"0";"0";"16:00:00";" Jhon Jader Ardila ";" 573176547061 ";"57";;" Motas Ardila ";" Canina ";"2 Años 9 Meses 4 Días ";" M ";" Bicolor Negro/Blanco";" Mestizo ";;;;;;"Peluqueria Cachorro";"Baño Básico";"Higiénico";"$50.000 / Cara redonda / Higiénico y parte ventral a TIJERA / Alergia en la parte del estomago ";"1";"1";;"120"
"280";"153";"170";"3";"2024-06-19";"09:00:00";"0";"0";"19:00:00";" Andrey Gómez ";" 573014175552 ";"573027038445";;" Bruno Gómez ";" Canina ";"7 Años 7 Meses 19 Días ";" M ";" Blanco";" Maltés Bichon ";;;;;;"Peluqueria Perfilado";"Baño Básico";"Higiénico";"$40.500 ( -10% $ 45.000 ) proximo baño a 50.000 
#7 Cuerpo / cara redonda bajita / Guantes / cola pincel ";"1";"1";;"120"
"281";"426";"535";"3";"2024-10-11";"16:00:00";"0";"0";"17:00:00";" Viviana Amaya ";" 573042997410 ";" 57 ";;" Bella Amaya ";" Canina ";"  ";" H ";"Blanco";" French Poodle ";;;"50000";;;;;;"$50.000 + $5.000 Whitening / Cara redonda / Corte osito";"1";"1";;"120"
"399";"510";"654";"3";"2024-10-16";"11:15:00";"0";"0";"12:45:00";;;"57";;;;;;;;;;;;;"Peluqueria Estandar";"Baño Básico";"No Aplica";"#7, cara redonda, despejar (boca, ojos), higiénico con la #7, ansioso, juguetón, baño medicado $ 50.000";"1";"1";;"90"
"282";"152";"169";"3";"2024-06-20";"09:00:00";"0";"0";"11:00:00";;;"57";;;;;;;;;;;;;"Peluqueria Perfilado";"Baño Básico";"Higiénico";"$50.000 / Otitis / #4 Cuerpo / Cara redonda / Puede morder ";"1";"1";;"120"
"283";"286";"350";"3";"2024-06-20";"11:00:00";"0";"0";"13:00:00";;;"57";;;;;;;;;;;;;"Peluqueria Perfilado";"Baño Básico";"Higiénico";"$49.500 (-10% 55.000)  / #7 Cuerpo / no pasar maquina en la parte ventral / Cara redonda bajito / Cola pompom / Juicioso ansioso ";"1";"1";;"120"
"284";"292";"357";"3";"2024-06-20";"14:00:00";"0";"0";"16:00:00";;;"57";;;;;;;;;;;;;"Peluqueria Estandar";"Baño Básico";"Higiénico";"50.000 / Corte estándar no a maquina / Desbastar barbas / despejar bien patas ";"1";"1";;"120"
"285";"429";"539";"3";"2024-06-21";"14:00:00";"0";"0";"16:00:00";;;"57";;;;;;;;;;;;;"No Aplica";"Baño Básico";"No Aplica";"$60.000 Nervioso uñas";"1";"1";;"120"
"286";"229";"269";"3";"2024-06-21";"16:00:00";"0";"0";"18:00:00";;;"57";;;;;;;;;;;;;"Peluqueria Perfilado";"Baño Básico";"Higiénico";"$55.000 / #4 Cuerpo / Guantes / Cara redonda / Nerviosa no agresiva / ";"1";"1";;"120"
"287";"257";"536";"3";"2024-06-19";"16:30:00";"0";"0";"18:30:00";" Juliana Chacon ";" 573102798037 ";"57";;" Rocky ";" Canina ";"8 Años 4 Meses 25 Días ";" M ";" Blanco";"Cruce Pomeran";;;;;;"Peluqueria Perfilado";"Baño Básico";"Higiénico";"$50.000 / Muy enredado / #7 Cuerpo / Cara redonda /  Descuidado ";"1";"1";;"120"
"288";"180";"205";"3";"2024-06-20";"15:00:00";"0";"0";"17:00:00";" Claudia García ";" 573125404382 ";"573124825779";;" Lilu ";" Canina ";"15 Años 2 Meses 19 Días ";" H ";" Bicolor";" Schnauzer ";;;;;;"Peluqueria Estandar";"Baño Básico";"Higiénico";"$40.500 ( -10%) 45.000 / Base #7 / faldón difuminado 
Viejita / enredada paticas y barba / muerde con uñas y cepillado. ";"1";"1";;"120"
"289";"120";"134";"3";"2024-06-22";"13:00:00";"0";"0";"15:00:00";" Alvaro Valenzuela  ";" 573125236282 ";"57";;" Zeus ";" Canina ";"1 Año 13 Días ";" M ";" Dorado";" Golden Retriever ";;;;;;"Peluqueria Perfilado";"Baño Básico";"Higiénico";"$70.000 / Ansioso / Muerde el soplador / ";"1";"1";;"120"
"290";"432";"542";"3";"2024-06-22";"12:00:00";"0";"0";"15:00:00";" Soledad Rodriguez ";" 573026488525 ";"57";;" Fenrir ";" Canina ";"3 Años 7 Meses 11 Días ";" M ";" Bicolor negro-blanco";" Husky Siberiano ";;;;;;"Peluqueria Perfilado";"Baño Básico";"Higiénico";"$90.000 / Verificar cantidad de nudos o pelo muerto para el proximo baño 
Muy juicioso ";"1";"2";;"180"
"291";"435";"547";"3";"2024-06-24";"13:00:00";"0";"0";"19:00:00";" Paula Hernández ";" 573219260558 ";"57";;" Tato ";" Canina ";"7 Años 10 Meses 25 Días ";" M ";" Blanco";" Mestizo ";;;;;;"Peluqueria Perfilado";"Baño Básico";"Higiénico";"$50.000 / #4 Cuerpo / Guantes / Empezando problemas de piel / Muy juicioso 
Proximo baño pasar guia si no está enredado ";"1";"1";;"90"
"292";"438";"551";"3";"2024-06-25";"14:00:00";"0";"0";"16:00:00";" Mariana Pinzón ";" 573167533238 ";"57";;" Maximiliano Pinzón ";" Canina ";"5 Años 5 Meses 23 Días ";" M ";" Dorado";" Mestizo ";;;;;;"No Aplica";"Baño Básico";;"$60.000 / Deslanar / No le gusta el secador en la cara / Juicioso ";"1";"1";;"120"
"293";"437";"550";"3";"2024-06-25";"12:00:00";"0";"0";"13:00:00";" Nohora Cortés ";" 573123048936 ";"57";;" Mike Cortés ";" Canina ";"4 Años 1 Mes 9 Días ";" M ";" Bicolor Dorado - Blanco";" Bull Dog ";;;;;;"No Aplica";"Baño Especial";;"$50.000 / Baño medicado / Problemas de piel / Trae sus propios materiales de peluqueria 
";"1";"1";;"60"
"296";"222";"259";"3";"2024-06-27";"13:00:00";"0";"0";"15:00:00";;;"57";;;;;;;;;;;;;"No Aplica";"Baño Básico";;"$50.000 / Juiciosa - Ansiosa / Problema de piel en el lomo secar bien ";"1";"1";;"120"
"295";"236";"278";"3";"2024-06-27";"11:00:00";"0";"0";"13:00:00";;;"57";;;;;;;;;;;;;"Peluqueria Perfilado";"Baño Básico";"Higiénico";"$50.000 / Higiénico sutil / nervioso - no muerde ";"1";"1";;"120"
"298";"158";"453";"3";"2024-06-29";"09:30:00";"0";"0";"11:30:00";;;"57";;;;;;;;;;;;;"Peluqueria Perfilado";"Baño Básico";;"$60.000 / Higiénico sutil a tijera /  ";"1";"1";;"120"
"299";"158";"452";"3";"2024-06-29";"11:30:00";"0";"0";"13:30:00";;;"57";;;;;;;;;;;;;"Peluqueria Perfilado";"Baño Básico";"No Aplica";"$50.000 / Cara redonda / Higiénico sutil a tijera / Patas perfiladas bajitas /  Perfilar poquito / Colita perfilata poco ";"1";"1";;"120"
"300";"158";"176";"3";"2024-06-29";"14:00:00";"0";"0";"16:00:00";;;"57";;;;;;;;;;;;;"Peluqueria Perfilado";"Baño Básico";;"$50.000 / #4 Parte ventral - Estomago / Guia cuerpo / Carita redonda bajita / Sin higiénico ";"1";"1";;"120"
"301";"182";"208";"3";"2024-06-29";"14:00:00";"0";"0";"16:00:00";;;"57";;;;;;;;;;;;;"Peluqueria Perfilado";"Baño Básico";"Higiénico";"$50.000 / Verruga /  Juicioso ";"1";"2";;"120"
"302";"182";"209";"3";"2024-06-29";"16:00:00";"0";"0";"18:00:00";;;"57";;;;;;;;;;;;;"Peluqueria Estandar";"Baño Básico";"Higiénico";"$50.000 / Ansiosa / Bajar barbas ";"1";"2";;"120"
"303";"14";"274";"3";"2024-07-01";"10:00:00";"0";"0";"12:00:00";;;"57";;;;;;;;;;;;;"Peluqueria Estandar";"Baño Básico";;"Precio: $50.000 / cola Pincel / cara redonda";"1";"1";;"120"
"307";"449";"563";"3";"2024-07-02";"11:30:00";"0";"0";"13:30:00";;;"57";;;;;;;;;;;;;"Peluqueria Perfilado";"Baño Básico";;"$50.000 / #7 Cuerpo / Higienico ";"1";"1";;"120"
"305";"229";"268";"3";"2024-07-01";"13:00:00";"0";"0";"15:00:00";;;"57";;;;;;;;;;;;;"No Aplica";"Baño Especial";"Higiénico";"$55.000 / Whitening / No peluquería";"1";"2";;"120"
"306";"448";"561";"3";"2024-07-01";"15:00:00";"0";"0";"16:00:00";;;"57";;;;;;;;;;;;;"Peluqueria Perfilado";"Baño Básico";"Higiénico";"$40.000";"1";"1";;"60"
"308";"365";"564";"3";"2024-07-02";"14:00:00";"0";"0";"16:00:00";;;"573107366775";;;;;;;;;;;;;"Peluqueria Perfilado";"Baño Básico";"Higiénico";"$50.000 / #7 Cuerpo / Cara redonda / Cola Pompom 
MUERDE CON UÑAS ";"1";"1";;"120"
"309";"43";"48";"3";"2024-07-03";"15:00:00";"0";"0";"17:00:00";;;"57";;;;;;;;;;;;;"Peluqueria Perfilado";"Baño Básico";"No Aplica";"$50.000 / HIGIENICO TIJERA / Guia alta / Cara redonda / Alergia en la parte ventral - estomago . ";"1";"1";;"120"
"310";"292";"357";"3";"2024-07-04";"10:30:00";"0";"0";"12:30:00";;;"57";;;;;;;;;;;;;"Peluqueria Perfilado";"Baño Básico";;"Corte no a maquina";"1";"1";;"120"
"311";"114";"128";"3";"2024-07-04";"15:00:00";"0";"0";"16:00:00";" Andrés Ardila  ";" 573166369573 ";"57";;" Negra Ardila ";" Felina ";"6 Años 5 Meses ";" H ";" Negro";" Mestizo ";;;;;;"No Aplica";"Baño Básico";;"$60.000 / Viejita - Brava ";"1";"1";;"60"
"369";"222";"259";"3";"2024-08-17";"15:30:00";"0";"0";"17:00:00";;;"57";;;;;;;;;;;;;"No Aplica";"Baño Básico";;"$50.000 / Recomendación enjuague profundo porque se rasca mucho si le queda jabón";"1";"2";;"90"
"313";"456";"572";"3";"2024-07-06";"10:26:00";"0";"0";"10:26:00";" Olga Sierra ";" 573112352334 ";" 57 ";;" Niña Sierra ";" Canina ";"  ";" H ";"Amarilla";" Cocker Spaniel ";;;"50000";;;"Peluqueria Perfilado";"Baño Básico";"Higiénico";"$50.000 / Presenta Otitis / Adulta";"1";"1";;"120"
"314";"284";"348";"3";"2024-07-15";"09:30:00";"0";"0";"19:00:00";;;"57";;;;;;;;;;;;;"Peluqueria Higiénico";"Baño Básico";;"$55.000 / Guia alta lomo / perfilado bajito";"1";"1";;"120"
"315";"455";"571";"3";"2024-07-13";"16:15:00";"0";"0";"17:15:00";;;"57";;;;;;;;;;;;;"No Aplica";"Baño Básico";;"$45.000 / Tuvo infección en ojos y oídos, bañar desde atrás de las orejas";"1";"1";;"60"
"316";"356";"445";"3";"2024-07-12";"12:00:00";"0";"0";"14:00:00";" Nicolas Aponte ";" 573229071720 ";"57";;" Chappy Aponte ";" Canina ";"6 Meses 7 Días ";" M ";" Dorado";" Labrador Retriever ";;;;;;"Peluqueria Perfilado";"Baño Básico";;"$50.000 / Canson uñas";"1";"2";;"120"
"318";"470";"592";"3";"2024-07-17";"10:30:00";"0";"0";"12:00:00";;;"57";;;;;;;;;;;;;"No Aplica";"Baño Básico";;"Bernes, gordis";"1";"1";;"90"
"319";"470";"593";"3";"2024-07-17";"12:00:00";"0";"0";"13:30:00";;;"57";;;;;;;;;;;;;"Peluqueria Perfilado";"Baño Básico";"Higiénico";"Mestiza pelo corto, se tira de la mesa
60.000";"1";"2";;"90"
"324";"387";"594";"3";"2024-07-20";"09:30:00";"0";"0";"11:00:00";;;"57";;;;;;;;;;;;;"Peluqueria Estandar";"Baño Básico";;"$45.000";"1";"1";;"90"
"325";"348";"425";"3";"2024-07-20";"12:30:00";"0";"0";"14:00:00";;;"57";;;;;;;;;;;;;"Peluqueria Estandar";"Baño Básico";"Higiénico";"$55.000 / ADICIONAL WHITENNING / Higiénico #7 / Bajar volumen / Desenredar";"1";"1";;"90"
"326";"350";"430";"3";"2024-07-26";"16:49:00";"0";"0";"16:49:00";" David Triana ";" 573223410114 ";" 57 ";;" Milu Triana ";" Canina ";"  ";" H ";"Negro";" Mestizo ";;;"0";;;;;;"consentida 1er baño
50.000";"1";"1";;"90"
"327";"350";"431";"3";"2024-07-26";"14:00:00";"0";"0";"15:00:00";;;"57";;;;;;;;;;;;;"Peluqueria Higiénico";"Baño Básico";"No Aplica";"incomodidad en la zona genital, 7fc
45.000";"1";"1";"No Aplica";"60"
"328";"252";"299";"3";"2024-07-27";"11:30:00";"0";"0";"13:30:00";;;"57";;;;;;;;;;;;;"No Aplica";"Baño Básico";"No Aplica";"55.000";"1";"1";"No Aplica";"120"
"329";"480";"605";"3";"2024-07-27";"14:30:00";"0";"0";"16:00:00";;;"57";;;;;;;;;;;;;"Peluqueria Estandar";"Baño Básico";;"$50.000 / Rapado en zonas con problemas dermatológicos /Traen champú medicado y cepillo";"1";"1";;"90"
"330";"362";"446";"3";"2024-08-03";"14:00:00";"0";"0";"14:30:00";;;"57";;;;;;;;;;;;;"No Aplica";"Baño Básico";;"$30.000 / Baño Seco";"1";"1";;"30"
"331";"461";"579";"3";"2024-08-03";"11:30:00";"0";"0";"13:30:00";;;"57";;;;;;;;;;;;;"Peluqueria Estandar";"Baño Básico";"Higiénico";"$55.000 / NERVIOSO PATAS DELANTERAS (puede morder) / Marcar línea / patas y orejas perfiladas sutil corte estándar #10
PROXIMO BAÑO REALIZAR EL CRTE ESTANDAR ORIGINAL ";"1";"1";;"120"
"332";"362";"615";"3";"2024-08-03";"14:30:00";"0";"0";"15:00:00";;;"57";;;;;;;;;;;;;"No Aplica";"Baño Básico";;"$30.000 / Baño seco";"1";"1";;"30"
"333";"55";"63";"3";"2024-08-03";"15:00:00";"0";"0";"17:00:00";;;"57";;;;;;;;;;;;;"Peluqueria Higiénico";"Baño Básico";;"$60.000 / NO perfilar, solo patas";"1";"1";;"120"
"334";"447";"560";"3";"2024-08-03";"17:30:00";"0";"0";"18:30:00";;;"57";;;;;;;;;;;;;"Peluqueria Perfilado";"Baño Básico";"Higiénico";"$50.000 / #7 cuerpo / Viejito / Aparentemente problemas respiratorios / Juiciosos";"1";"1";"No Aplica";"60"
"335";"447";"616";"3";"2024-08-03";"18:30:00";"0";"0";"19:30:00";;;"57";;;;;;;;;;;;;"Peluqueria Perfilado";"Baño Básico";;"$50.000 / #7 cuerpo / Viejito / Aparentemente problemas respiratorios / Juiciosos";"1";"1";;"60"
"336";"487";"618";"3";"2024-08-05";"11:00:00";"0";"0";"13:00:00";;;"57";;;;;;;;;;;;;"Peluqueria Estandar";"Baño Básico";"Higiénico";"$50.000 / Dermatitis tener cuidado al realizar el corte estándar / Viejito / ENREDADO";"1";"1";;"120"
"337";"487";"617";"3";"2024-08-31";"17:35:00";"0";"0";"17:35:00";" Paula Rodríguez ";" 573123977344 ";" 57 ";;" Moana ";" Canina ";"  ";" H ";"Amarillo";" Mestizo ";;;"0";;;;;;"$50.000 / PERFILAR TODO EL CUERPO A TIJERA / Nerviosa secado";"1";"1";;"60"
"338";"326";"414";"3";"2024-07-24";"16:00:00";"0";"0";"19:00:00";;;"57";;;;;;;;;;;;;"No Aplica";"Baño Básico";;"$70.000 / Nervioso / no ha mordido / NO PELUQUERIA - CORTAR SOLO ESPOLONES";"1";"1";;"120"
"339";"383";"476";"3";"2024-08-10";"09:00:00";"0";"0";"11:00:00";;;"57";;;;;;;;;;;;;"Peluqueria Perfilado";"Baño Básico";"Higiénico";" $75.000 / BAJO EL HIGIENICO / PUEDE MORDER / ADULTA MAYOR";"1";"1";;"120"
"340";"383";"477";"3";"2024-08-10";"11:00:00";"0";"0";"13:00:00";;;"57";;;;;;;;;;;;;"Peluqueria Perfilado";"Baño Básico";"Higiénico";" $75.000 / PUEDE MORDER";"1";"1";;"120"
"341";"383";"478";"3";"2024-08-10";"13:00:00";"0";"0";"15:00:00";;;"57";;;;;;;;;;;;;"Peluqueria Perfilado";"Baño Básico";"Higiénico";"$75.000 / PUEDE MORDER";"1";"1";;"120"
"344";"381";"472";"3";"2024-08-09";"10:00:00";"0";"0";"12:00:00";;;"57";;;;;;;;;;;;;"Peluqueria Perfilado";"Baño Básico";"Higiénico";"$65.000 / Bajar volumen lomo / Patas traseras bien desbastadas JUICIOSA
";"1";"1";;"120"
"345";"381";"473";"3";"2024-08-09";"12:00:00";"0";"0";"14:00:00";;;"57";;;;;;;;;;;;;"No Aplica";"Baño Especial";"No Aplica";" $55.000 / Viejito JUICIOSO";"1";"1";;"120"
"346";"348";"425";"3";"2024-08-10";"15:00:00";"0";"0";"17:00:00";;;"57";;;;;;;;;;;;;"Peluqueria Estandar";"Baño Básico";;"$55.000 / ADICIONAL WHITENNING / Higiénico #7 / Corte cachorro";"1";"2";;"120"
"349";"76";"85";"3";"2024-08-12";"12:00:00";"0";"0";"14:00:00";;;"57";;;;;;;;;;;;;"Peluqueria Perfilado";"Baño Básico";"Higiénico";"$50.000 / #7 o 4 si no están enredados / Cara redonda / juiciosos";"1";"1";;"120"
"401";"55";"63";"3";"2024-10-26";"15:00:00";"0";"0";"17:00:00";;;"57";;;;;;;;;;;;;"Peluqueria Estandar";"Baño Básico";"Higiénico";"TBD";"1";"1";;"120"
"350";"76";"244";"3";"2024-08-12";"14:00:00";"0";"0";"16:00:00";;;"57";;;;;;;;;;;;;"Peluqueria Perfilado";"Baño Básico";;"$50.000 / #7 o 4 si no están enredados / Cara redonda / juiciosos";"1";"1";;"120"
"351";"191";"219";"3";"2024-08-13";"09:30:00";"0";"0";"12:00:00";;;"57";;;;;;;;;;;;;"Peluqueria Perfilado";"Baño Básico";"Higiénico";"$80.000 / Moñas y pañoleta roja";"1";"1";;"150"
"352";"326";"398";"3";"2024-08-14";"10:00:00";"0";"0";"12:00:00";;;"57";;;;;;;;;;;;;"No Aplica";"Baño Básico";"No Aplica";"$70.000 / puede morder / SIN PELUQUERIA ";"1";"1";;"120"
"353";"326";"414";"3";"2024-08-14";"12:00:00";"0";"0";"14:00:00";;;"57";;;;;;;;;;;;;"No Aplica";"Baño Básico";;"$70.000 / Es nervioso - no ha mordido / SIN PELUQUERIA ";"1";"1";;"120"
"358";"498";"636";"3";"2024-08-16";"09:00:00";"0";"0";"11:00:00";;;"57";;;;;;;;;;;;;"Peluqueria Estandar";"Baño Básico";"Higiénico";"$50.000 / Base #7 / Organizar faldón y carita / dejar crecer cejas  / Viejito - tiroides - otitis ";"1";"1";;"120"
"370";"508";"652";"3";"2024-11-18";"17:21:00";"0";"0";"17:21:00";" Tania Vargas ";" 573195481515 ";" 57 ";;" Pipo ";" Canina ";"  ";" M ";"Bicolor";" Bernés ";;;"0";;;;;;"$90.000";"1";"1";;"120"
"359";"498";"637";"3";"2024-08-16";"11:00:00";"0";"0";"13:00:00";;;"57";;;;;;;;;;;;;"Peluqueria Perfilado";"Baño Básico";"Higiénico";"$55.000 / #4 cuerpo / viejita / ansiosa juiciosa ";"1";"1";;"120"
"362";"501";"641";"3";"2024-08-17";"10:30:00";"0";"0";"12:30:00";;;"57";;;;;;;;;;;;;"Peluqueria Perfilado";"Baño Básico";"Higiénico";"$50.000 / N° 4 cuerpo / Cara redonda / Orejas y cola perfiladas sutil";"1";"1";"No Aplica";"120"
"361";"499";"638";"3";"2024-08-16";"16:00:00";"0";"0";"17:30:00";;;"57";;;;;;;;;;;;;"Peluqueria Perfilado";"Baño Especial";"Higiénico";"Baño Medicado $60.000";"1";"1";;"90"
"363";"500";"640";"3";"2024-08-17";"09:30:00";"0";"0";"13:30:00";;;"57";;;;;;;;;;;;;"Peluqueria Higiénico";"Baño Especial";"No Aplica";"$80.000 / Ansioso, no muerde / No peluquear";"1";"2";;"240"
"364";"278";"338";"3";"2024-08-17";"13:00:00";"0";"0";"14:00:00";;;"573112774489";;;;;;;;;;;;;"No Aplica";"Baño Básico";;"$60.000";"1";"1";;"60"
"365";"278";"643";"3";"2024-08-17";"14:00:00";"0";"0";"15:00:00";;;"573112774489";;;;;;;;;;;;;"No Aplica";"Baño Básico";;"$60.000";"1";"1";;"60"
"372";"509";"653";"3";"2024-08-24";"12:30:00";"0";"0";"13:30:00";;;"57";;;;;;;;;;;;;"Peluqueria Higiénico";"Baño Básico";;"$60.000 / Rasurado por pioderma";"1";"1";;"60"
"374";"509";"653";"3";"2024-08-24";"15:00:00";"0";"0";"16:00:00";;;"57";;;;;;;;;;;;;"No Aplica";"Baño Básico";;"$60.000 / Depilado por pioderma";"1";"1";;"60"
"375";"510";"654";"3";"2024-08-29";"11:00:00";"0";"0";"13:00:00";;;"57";;;;;;;;;;;;;"Peluqueria Estandar";"Baño Básico";"No Aplica";"#7, cara redonda, despejar (boca, ojos), higiénico con la #7, 
ansioso, juguetón, baño medicado $ 50.000";"1";"1";;"120"
"376";"487";"618";"3";"2024-08-31";"15:30:00";"0";"0";"16:30:00";;;"57";;;;;;;;;;;;;"Peluqueria Estandar";"Baño Básico";"Higiénico";"$50.000 / Dermatitis tener cuidado al realizar el corte estándar / Viejito / ENREDADO";"1";"1";;"60"
"378";"361";"443";"3";"2024-09-02";"10:00:00";"0";"0";"11:30:00";;;"573144111742";;;;;;;;;;;;;"Peluqueria Perfilado";"Baño Básico";"No Aplica";"perfilar en las paticas y el muslo, cuidado con la cola (irritation) 
60.000";"1";"1";"No Aplica";"90"
"379";"361";"665";"3";"2024-09-02";"12:30:00";"0";"0";"14:00:00";;;"573144111742";;;;;;;;;;;;;"Peluqueria Perfilado";"Baño Básico";"No Aplica";"$60.000 perfilado e higiénico lo necesario (nervioso)";"1";"1";"No Aplica";"90"
"380";"521";"670";"3";"2024-09-03";"11:00:00";"0";"0";"13:00:00";;;"57";;;;;;;;;;;;;"Peluqueria Perfilado";"Baño Básico";"Higiénico";"$50.000 / Garrapatas / Muerde con cola, patas y uñas / trasquilado, se le organiza manto";"1";"1";"No Aplica";"120"
"381";"351";"432";"3";"2024-09-04";"11:39:00";"0";"0";"11:39:00";" Sandra Castro ";" 573022895669 ";" 57 ";;" Apolo Castro ";" Canina ";"  ";" M ";"Amarillo";" Golden Retriever ";;;"0";;;;;;"$65.000 + $6.000 deslanado, whitening. Juicioso";"1";"1";;"120"
"382";"524";"675";"3";"2024-09-05";"11:00:00";"0";"0";"13:00:00";;;"57";;;;;;;;;;;;;"Peluqueria Osito";"Baño Especial";"Higiénico";"$50.000 + $10.000 Voluminizing / Whitening";"1";"1";;"120"
"383";"524";"674";"3";"2024-09-05";"13:00:00";"0";"0";"15:00:00";;;"57";;;;;;;;;;;;;"Peluqueria Osito";"Baño Especial";"Higiénico";"$50.000 + $10.000 Voluminizing / Whitening";"1";"1";;"120"
"384";"527";"679";"3";"2024-09-07";"14:00:00";"0";"0";"16:00:00";;;"57";;;;;;;;;;;;;"Peluqueria Perfilado";"Baño Básico";"Higiénico";"$50.000 / #7 TODO EL CUERPO Y CABEZA / Vijeto - puede morder /  ";"1";"1";;"120"
"385";"527";"680";"3";"2024-09-07";"16:00:00";"0";"0";"18:00:00";;;"57";;;;;;;;;;;;;"No Aplica";"Baño Básico";"No Aplica";"$55.000 / ";"1";"1";;"120"
"386";"245";"607";"3";"2024-09-09";"11:00:00";"0";"0";"13:00:00";;;"57";;;;;;;;;;;;;"Peluqueria Higiénico";"Baño Básico";;"$50.000 / Cara rasurada / bajar #7 / Viejito";"1";"1";"No Aplica";"120"
"387";"529";"683";"3";"2024-09-09";"09:00:00";"0";"0";"10:30:00";;;"57";;;;;;;;;;;;;"Peluqueria Higiénico";"Baño Básico";;"Gato grande $60.000";"1";"1";;"90"
"388";"533";"687";"3";"2024-09-14";"09:00:00";"0";"0";"11:00:00";;;"57";;;;;;;;;;;;;"Peluqueria Osito";"Baño Básico";"Higiénico";"$55.000 Cara redonda";"1";"1";;"120"
"391";"539";"697";"3";"2024-09-20";"10:00:00";"0";"0";"12:00:00";;;"57";;;;;;;;;;;;;"Peluqueria Osito";"Baño Básico";"Higiénico";"50.000 / Guantes / Cola Pompom/ Guía media cuerpo / Cara redonda bajita abajo / Problemas de piel - Pulgas / Viejito - Juicioso - Puede morder plucking";"1";"1";;"120"
"392";"270";"321";"3";"2024-10-05";"09:00:00";"0";"0";"11:00:00";;;"57";;;;;;;;;;;;;"Peluqueria Cachorro";"Baño Básico";"Higiénico";" $50.000 / Bajar volumen del cuerpo / cara redonda bajita ANSIOSO";"1";"1";;"120"
"390";"207";"245";"3";"2024-09-12";"09:12:00";"0";"0";"11:00:00";" Lina Morales ";" 573225666231 ";" 573156599115 ";;" Romeo  ";" Felina ";"  ";" M ";"Blanco - Negro";" Persa ";;;"0";;;"Peluqueria Perfilado";"Baño Básico";"Higiénico";"$70.000 #7 cuerpo / cara redonda / enredado 1ra vez bajar el pelo";"1";"1";;"120"
"404";"533";"688";"3";"2024-10-26";"11:30:00";"0";"0";"13:00:00";;;"57";;;;;;;;;;;;;"Peluqueria Perfilado";"Baño Básico";"Higiénico";"45000";"1";"1";;"90"
"405";"551";"710";"3";"2024-10-28";"15:00:00";"0";"0";"17:00:00";;;"57";;;;;;;;;;;;;"Peluqueria Estandar";"Baño Básico";"Higiénico";"$60.000";"1";"1";;"120"
"406";"381";"472";"3";"2024-10-29";"14:30:00";"0";"0";"16:30:00";;;"57";;;;;;;;;;;;;"Peluqueria Perfilado";"Baño Básico";"Higiénico";" $65.000 / Bajar volumen lomo / Patas traseras bien desbastadas JUICIOSA";"1";"1";;"120"
"407";"381";"473";"3";"2024-10-29";"16:30:00";"0";"0";"18:30:00";;;"57";;;;;;;;;;;;;"No Aplica";"Baño Especial";"No Aplica";"$55.000 / Viejito JUICIOSO";"1";"2";;"120"
"408";"329";"401";"3";"2024-11-02";"10:00:00";"0";"0";"11:30:00";;;"57";;;;;;;;;;;;;"Peluqueria Perfilado";"Baño Básico";;"$60.000 / Bajar el pelaje para que quede como un gato de pelo corto";"1";"1";;"90"
"409";"284";"348";"3";"2024-11-02";"11:30:00";"0";"0";"13:30:00";;;"57";;;;;;;;;;;;;"Peluqueria Perfilado";"Baño Básico";;"$55.000 / Guía alta lomo / perfilado bajito";"1";"1";;"120"
"410";"539";"697";"3";"2024-11-06";"16:00:00";"0";"0";"18:00:00";;;"57";;;;;;;;;;;;;"Peluqueria Osito";"Baño Básico";"Higiénico";"50.000 / Guantes / Cola Pompom/ Guía media cuerpo / Cara redonda bajita abajo / Problemas de piel - Pulgas / Viejito - Juicioso - Puede morder plucking";"1";"1";;"120"
"411";"508";"652";"3";"2024-11-18";"17:21:00";"0";"0";"17:21:00";" Tania Vargas ";" 573195481515 ";" 57 ";;" Pipo ";" Canina ";"  ";" M ";"Bicolor";" Bernés ";;;"0";;;;;;"$90.000";"1";"1";;"180"
"412";"524";"674";"3";"2024-11-13";"14:00:00";"0";"0";"15:30:00";;;"57";;;;;;;;;;;;;"Peluqueria Osito";"Baño Especial";"Higiénico";"$50.000 + $10.000 Voluminizing / Whitening";"1";"1";;"90"
"413";"524";"675";"3";"2024-11-13";"15:30:00";"0";"0";"19:00:00";;;"57";;;;;;;;;;;;;"Peluqueria Osito";"Baño Especial";"Higiénico";"$50.000 + $10.000 Voluminizing / Whitening";"1";"1";;"90"
"414";"524";"752";"3";"2024-11-13";"17:00:00";"0";"0";"18:30:00";;;"57";;;;;;;;;;;;;"Peluqueria Estandar";"Baño Básico";"Higiénico";"$60.000";"1";"1";;"90"
"426";"191";"219";"3";"2024-11-30";"10:00:00";"0";"0";"13:00:00";;;"57";;;;;;;;;;;;;"Peluqueria Perfilado";"Baño Básico";"Higiénico";"$80.000";"1";"1";;"180"
"416";"99";"111";"3";"2024-11-16";"14:00:00";"0";"0";"16:00:00";;;"573102360940";;;;;;;;;;;;;"Peluqueria Estandar";"Baño Básico";"Higiénico";"$55.000 / Base #7 / No tocar barbas ni copete / Faldón perfilar un poco más / Ansiosa";"1";"1";;"120"
"417";"414";"520";"3";"2024-11-18";"00:00:00";"0";"0";"01:30:00";;;"57";;;;;;;;;;;;;"Peluqueria Perfilado";"Baño Básico";"Higiénico";"$55.000";"1";"1";;"90"
"418";"414";"521";"3";"2024-11-18";"13:00:00";"0";"0";"14:30:00";;;"57";;;;;;;;;;;;;"Peluqueria Estandar";"Baño Básico";"Higiénico";"$55.000";"1";"1";"No Aplica";"90"
"419";"414";"522";"3";"2024-11-18";"15:00:00";"0";"0";"17:00:00";;;"57";;;;;;;;;;;;;"Peluqueria Estandar";"Baño Básico";;"$55.000 / Adicional Withening $10.000";"1";"1";;"120"
"420";"166";"186";"3";"2024-11-19";"09:00:00";"0";"0";"11:00:00";;;"57";;;;;;;;;;;;;"Peluqueria Perfilado";"Baño Básico";"Higiénico";"$60.000 Perfilar barbas y cejas poco / Bajar volumen guia alta";"1";"1";;"120"
"421";"50";"58";"3";"2024-11-23";"10:00:00";"0";"0";"12:00:00";;;"573003269613";;;;;;;;;;;;;"Peluqueria Estandar";"Baño Básico";"Higiénico";"$80.000";"1";"1";;"120"
"422";"585";"763";"3";"2024-11-23";"10:00:00";"0";"0";"11:00:00";;;"57";;;;;;;;;;;;;"Peluqueria Higiénico";"Baño Básico";;"$55.000";"1";"2";;"60"
"423";"426";"535";"3";"2024-11-23";"11:00:00";"0";"0";"13:00:00";;;"57";;;;;;;;;;;;;"Peluqueria Estandar";"Baño Básico";;"$55.000";"1";"2";;"120"
"424";"573";"744";"3";"2024-11-23";"12:00:00";"0";"0";"13:00:00";;;"57";;;;;;;;;;;;;"Peluqueria Perfilado";"Baño Básico";"Higiénico";"$55.000";"1";"1";;"60"
"425";"587";"765";"3";"2024-11-23";"13:00:00";"0";"0";"14:00:00";;;"57";;;;;;;;;;;;;"Peluqueria Estandar";"Baño Básico";"Higiénico";"$55.000";"1";"1";;"60"
"427";"593";"774";"3";"2024-11-30";"14:00:00";"0";"0";"16:00:00";;;"57";;;;;;;;;;;;;"Peluqueria Higiénico";"Baño Básico";;"$65.000";"1";"1";;"120"
"428";"326";"398";"3";"2024-12-05";"11:30:00";"0";"0";"13:00:00";;;"57";;;;;;;;;;;;;"No Aplica";"Baño Básico";"No Aplica";"Sin peluquería, sin corte de uñas $60.000";"1";"1";;"90"
"429";"326";"414";"3";"2024-12-05";"11:30:00";"0";"0";"13:00:00";;;"57";;;;;;;;;;;;;"No Aplica";"Baño Básico";"No Aplica";"Sin peluquería, solo corte de uñas $75.000";"1";"2";"No Aplica";"90"
"430";"153";"170";"3";"2024-12-05";"11:00:00";"0";"0";"12:30:00";;;"573027038445";;;;;;;;;;;;;"Peluqueria Osito";"Baño Básico";"Higiénico";"$50.000 proximo baño $55.000";"1";"1";;"90"
"431";"341";"730";"3";"2024-12-06";"09:30:00";"0";"0";"10:30:00";;;"57";;;;;;;;;;;;;"Peluqueria Cachorro";"Baño Básico";"No Aplica";"$50.000";"1";"1";"No Aplica";"60"
"432";"414";"520";"3";"2024-12-30";"09:00:00";"0";"0";"19:00:00";;;"57";;;;;;;;;;;;;"Peluqueria Estandar";"Baño Básico";"Higiénico";;"1";"1";;"90"
"433";"414";"521";"3";"2024-12-30";"14:00:00";"0";"0";"19:00:00";;;"57";;;;;;;;;;;;;"Peluqueria Estandar";"Baño Básico";"Higiénico";;"1";"1";;"60"
"434";"414";"522";"3";"2024-12-30";"09:00:00";"0";"0";"19:00:00";;;"57";;;;;;;;;;;;;"Peluqueria Estandar";"Baño Básico";"No Aplica";;"1";"2";;"90"
"435";"524";"674";"3";"2024-12-09";"11:00:00";"0";"0";"12:00:00";;;"57";;;;;;;;;;;;;"Peluqueria Osito";"Baño Básico";"Higiénico";"$60.000 volumizing y Whitening";"1";"1";;"60"
"436";"524";"675";"3";"2024-12-09";"12:00:00";"0";"0";"13:00:00";;;"57";;;;;;;;;;;;;"Peluqueria Osito";"Baño Básico";"Higiénico";"$60.000 volumizing y Whitening";"1";"2";;"60"
"437";"36";"435";"3";"2024-12-09";"13:00:00";"0";"0";"14:00:00";;;"57";;;;;;;;;;;;;"Peluqueria Estandar";"Baño Básico";"Higiénico";"$55.000 + $10.000 desenredo";"1";"1";;"60"
"438";"36";"307";"3";"2024-12-09";"14:00:00";"0";"0";"15:00:00";;;"57";;;;;;;;;;;;;"Peluqueria Estandar";"Baño Básico";"Higiénico";"$55.000";"1";"1";;"60"
"439";"270";"321";"3";"2024-12-23";"10:00:00";"0";"0";"19:00:00";;;"57";;;;;;;;;;;;;"Peluqueria Cachorro";"Baño Básico";"Higiénico";"$55.000 Bajar volumen del cuerpo / cara redonda bajita ANSIOSO";"1";"2";;"90"
"440";"611";"794";"3";"2024-12-16";"10:00:00";"0";"0";"11:30:00";;;"57";;;;;;;;;;;;;"Peluqueria Estandar";"Baño Básico";"Higiénico";"$55.000 Bajar todo parejo, cepillado de dientes";"1";"1";;"90"
"441";"611";"795";"3";"2024-12-16";"11:30:00";"0";"0";"13:00:00";;;"57";;;;;;;;;;;;;"No Aplica";"Baño Básico";;"$55.000 No requiere peluquería";"1";"1";;"90"
"442";"508";"652";"3";"2024-12-19";"09:30:00";"0";"0";"12:30:00";;;"57";;;;;;;;;;;;;"Peluqueria Estandar";"Baño Básico";"No Aplica";;"1";"1";"No Aplica";"180"
"443";"207";"245";"3";"2024-12-21";"09:00:00";"0";"0";"11:00:00";;;"573156599115";;;;;;;;;;;;;"Peluqueria Estandar";"Baño Básico";"Higiénico";"$65.000 Gato persa, bajarle de largo, confirmar el largo con la dueña.";"1";"1";;"120"
"445";"465";"587";"3";"2024-12-20";"09:30:00";"0";"0";"11:00:00";;;"57";;;;;;;;;;;;;"Peluqueria Estandar";"Baño Básico";"Higiénico";"$70.000 Baño anterior";"1";"1";;"90"
"446";"447";"560";"3";"2024-12-19";"14:00:00";"0";"0";"15:00:00";;;"57";;;;;;;;;;;;;"Peluqueria Perfilado";"Baño Básico";"Higiénico";" $50.000 / #7 cuerpo / Viejito / Aparentemente problemas respiratorios / Juiciosos";"1";"1";;"60"
"450";"629";"818";"3";"2025-01-11";"09:30:00";"0";"0";"11:30:00";" Katrin Bolívar ";" 573174993283 ";"57";;" Kara ";" Canina ";"7 Años 4 Meses 12 Días ";" H ";" Negro-blanco-café";" Bernés de la montaña ";;;;;;"Peluqueria Estandar";"Baño Básico";;;"1";"2";;"120"
