"cliente_id";"usuario_id";"nombre_cliente";"celular_cliente";"ciudad_cliente";"correo_cliente";"CODI_CLIENTE";"tipo_cliente";"fechar";"fecha_actualizado";"activo";"genero";"direccion_cliente";"telefono_cliente";"edad_cliente";"profesion_cliente";"acompananteFamiliar";"telefono_acompanante";"parentesco_acompanante";"antecedentes";"entidadSalud";"seguro";"nota";"alergias";"tiposSangre";"esDonante";"tomaMedicamento";"enfermedadesPequeno";"fotoperfil";"motivoConsulta";"fechaNacimiento";"peso";"altura";"imc";"ComposicionCorporal";"ap1";"ap2";"ap3";"ap4";"ap5";"ap6";"ap7";"ap8";"ap9";"cirugiasCuales";"cirugiasOtros";"whatsapp";"tipoUsuario";"estado";"sucursal";"ocupacion";"nacionalidad"
"1301";"1";"JARRIN VIZCAINO JUAN FRANCISCO ";"0981800116 ";"Guaranda";"fjarrinczs5@gmail.com";"0250097102";;"2020-07-11 18:11:08";"2020-07-11 18:11:08";"1";"M";"Antigua Colombia y 10 de Agosto ";"0981800116";;"ESTUDIANTE";"VERONICA VIZCAINO";"0981800116";"MADRE";"antecedentes";;;;"AL POLVO, CHOCOLATE ";"O POSITIVO ";"Si";"NINGUNO ";"HTA, OBESIDAD EN ABUELO Y ABUELOS MATERNOS.";"1301.png";;"2012-10-28";"0";"0";"0";"no determinado";"2";"2";"2";"2";"2";"2";"2";"1";"2";;;"593981800116";"Particular";"Soltero(a)";"0";"ESTUDIANTE";"ECUATORIANO "
"1302";"1";"JARRIN VIZCAINO ANA PAULA  ";"0981800116 ";"Guaranda";"fjarrinczs5@gmail.com";"0250403045";;"2020-07-13 13:35:42";"2020-07-13 13:35:43";"1";"F";"Antigua Colombia y 10 de Agosto  ";"032551983";;"ESTUDIANTE";"VERONICA VIZCAINO";"0981800116";"HIJA";"antecedentes";;;;" NO  ";"O POSITIVO";"Si";" NINGUNO  ";"HTA, OBESIDAD EN ABUELO Y ABUELOS MATERNOS.";NULL;;"2015-11-22";"0";"0";"0";"no determinado";"0";"0";"0";"0";"0";"0";"0";"0";"0";;;"593981800116";"Otro";"Soltero(a)";"0";;" ECUATORIANA  "
"1303";"1";"CHAGUARO ARANA MONICA SALOM&Eacute;";"0999398316";"Guaranda";"monysalome@hotmail.com";"0201655578";;"2020-09-25 19:36:20";"2020-09-25 19:36:20";"1";"F";"CALLE GUAYAS Y AMIGO DEL HOGAR";"0999398316";;"Comerciante";"GANCHALA LUIS ALFONSO";"0989874829";"ESPOSO";;;;;" NO";"A POSITIVO";"Si";"NINGUNO";"Padres hipertensos";NULL;;"1980-08-01";"0";"0";"0";"no determinado";"2";"2";"2";"2";"2";"2";"2";"2";"1";"Cesarea 2010, Colecistectom&iacute;a 2019";;"0999398316";"Otro";"Union Libre";"0";"Comerciante";" ECUATORIANA"
"1304";"1";"MOYANO JARAMILLO MIRIAN MARCELA ";"0960521961 ";"Guaranda";"myfriends2552@hotmail.com";"1803213048";;"2020-09-28 19:19:26";"2020-09-28 19:19:26";"1";"F";"GUANUJO ";;;"Independiente";"Juan Lascano";"0961336261";"ESPOSO";"antecedentes";;;;"Penicilina benzatínica ";"O POSITIVO ";"Si";" NINGUNO ";"Padre diabético";NULL;;"1977-11-21";"0";"0";"0";"no determinado";"2";"2";"2";"2";"2";"2";"2";"2";"1";"Ces&aacute;rea 2014 por antecedentes de preeclampsia.";;"5930960521961";"Otro";"Casado(a)";"0";"Independiente";" ECUATORIANA "
"1305";"1";"Ganchala Chaguaro Stephanie Giomar";"099398316";"Guaranda";"monysalome@hotmail.com";"0250153772";;"2020-10-02 17:43:13";"2020-10-02 17:43:13";"1";"F";"Nuevos Horizontes";"032984168";;"ESTUDIANTE";"GANCHALA LUIS ALFONSO";"099398316";"Padre";;;;;"Colorantes, preservantes, enlatados, embutidos, chocolate.";"O POSITIVO";"Si";"NINGUNO";"Mama con hipertensi&oacute;n, Abuela hipertensi&oacute;n.";NULL;;"2010-03-16";"0";"0";"0";"no determinado";"2";"2";"1";"2";"2";"2";"2";"2";"1";"Estrabismo en 2012";;"593099398316";"Otro";"Soltero(a)";"0";"ESTUDIANTE";" ECUATORIANA"
"1306";"1";"TRUJILLO MORALES ROSARIO";"0980041271";"Guaranda";;"0200436384";;"2020-10-08 17:35:27";"2020-10-08 17:35:27";"1";"F";"MALDONADO Y SELVA ALEGRE";;;"Jubilada";"Luis Trujillo";"0980041271";"Hijo";;;;;"No";"O POSITIVO";"Si";"Metformina 500 mg TID";;NULL;;"1944-03-09";"0";"0";"0";"no determinado";"2";"2";"2";"1";"2";"2";"2";"2";"2";;;"5930980041271";"Otro";"Soltero(a)";"0";"Jubilada";" ECUATORIANA"
"1307";"1";"Naranjo Santamaria Dolores Mercedes";;"Guaranda";;"0201320173";;"2020-10-12 17:45:42";"2020-10-12 17:45:42";"1";"F";"Antigua Colombia y 10 de Agosto";"2985751";;"Cocina";;;;;;;"Fumadora. 5 diarios. Desde hace 23 a&ntilde;os.";"Cefalexina";"No definido";"Si";"Losartan 50 mg QD";"Mam&aacute; con HTA";NULL;;"1975-07-06";"0";"0";"0";"no determinado";"1";"2";"1";"2";"2";"1";"2";"1";"1";"Histerectomia 2005, colecistectomia 2019";;;"Otro";"Separado(a)";"0";"Cocina";" ECUATORIANA"
"1308";"1";"AVEROS ARIAS JOHNNY STALIN";"0996957588";"CALUMA";;"1205912858";;"2020-10-24 10:16:53";"2020-10-24 10:16:53";"1";"M";"CALUMA";"0996957588";;;"AVEROS ARIAS PAOLA";"0989367948";"HERMANA";;;;;"POLVO";"O POSITIVO";"Si";"NINGUNO";"MAMA CON DIABETES, VITILIGO.";NULL;;"1987-05-07";"0";"0";"0";"no determinado";"2";"2";"1";"2";"2";"1";"2";"1";"1";"TUMOR EN LOS TESTICULOS";;"5930996957588";"Otro";"Casado(a)";"0";;"ECUATORIANO"
"1309";"1";"GAVILANEZ MERCEDES PASTORA ";"0999104758  ";"Guaranda";"mechitagavi@gmail.com";"0200828515";;"2020-11-01 18:35:52";"2020-11-01 18:35:52";"1";"M";"Avenida Caracas  ";;;"profesional";;;;"antecedentes";;;;"  ";"O POSITIVO  ";"Si";"Losartan 50 mg QD  ";;NULL;;"1966-11-12";"0";"0";"0";"no determinado";"2";"2";"1";"2";"2";"2";"2";"2";"2";;;"5930999104758";"Otro";"Soltero(a)";"0";"profesional";"ECUATORIANO  "
"1310";"1";"VEGA VIZCAINO JENNIFER ESTEFANIA ";"0960702070 ";"Guaranda";;"0202199683";;"2020-11-01 18:43:24";"2020-11-01 18:43:24";"1";"F";"BARRIO MIRAFLORES ";;;;;;;"antecedentes";;;;"Ninguna ";"O POSITIVO ";"Si";"NINGUNO ";"Artrosis y osteoporosis mama, Trombocitopenia hermano.";NULL;;"1993-01-01";"0";"0";"0";"no determinado";"2";"2";"2";"2";"2";"2";"2";"2";"1";"Apendicitis en 2000 , Cesarea 2016";;"5930960702070";"Otro";"Casado(a)";"0";;" ECUATORIANA "
"1311";"1";"GANCHALA ALDAZ MARIA LISSETTE";"0996891950";"Guaranda";"lis.lita@hotmail.com";"1805158100";;"2020-11-07 11:00:25";"2020-11-07 11:00:25";"1";"F";"CLEOTILDE MONTENEGRO Y AVENIDA GUAYAQUIL";;;"ESTUDIANTE";"GANCHALA LUIS ALFONSO";"0989804829";"Padre";;;;;" NO";"O POSITIVO";"Si";"NINGUNO";"Abuela con HTA y DM2";NULL;;"1998-01-07";"0";"0";"0";"no determinado";"2";"2";"2";"2";"2";"2";"2";"2";"1";"Ces&aacute;rea por desproporci&oacute;n cefalo p&eacute;lvica";;"5930996891950";"Otro";"Soltero(a)";"0";;" ECUATORIANA"
"1312";"1";"HURTADO PAZMI&Ntilde;O MARITZA PAOLA";"0980091327";"Guaranda";"marpaola2411@gmail.com";"0201536471";;"2020-11-08 10:53:11";"2020-11-08 10:53:11";"1";"F";"CIRCUNVALACI&Oacute;N, PASAJE ESTHER RIVADENEIRA";;;"Profesional";;;;;;;;" NO";"O POSITIVO";"Si";"NINGUNO";;NULL;;"1988-02-04";"0";"0";"0";"no determinado";"2";"2";"2";"2";"2";"2";"2";"2";"1";"2 cesareas, por desproporci&oacute;n cefalo pelvica";;"5930980091327";"Otro";"Casado(a)";"0";"MIESS";" ECUATORIANA"
"1313";"1";"VIZCAINO SANTACRUZ MARIA MAGDALENA";"0991592422";"Guaranda";"estefit93@hotmail.com";"0201350426";;"2020-11-09 17:51:59";"2020-11-09 17:51:59";"1";"F";"BARRIO MIRAFLORES";;;;"Jenny Vega";"0960702070";"HIJA";;;;;" NO";"O NEGATIVO";"Si";"Levotiroxina 0.25 mg 1 tableta QD.";;NULL;;"1974-10-12";"0";"0";"0";"no determinado";"2";"2";"2";"2";"1";"2";"2";"2";"1";"Histerectomia 2007; colecistectomia 2018. ";;"5930991592422";"Otro";"Casado(a)";"0";;" ECUATORIANA"
"1314";"1";"IZURIETA MARIA CARMELINA";"0980091327";"Guaranda";;"0000000000";;"2020-11-20 17:39:38";"2020-11-20 17:39:38";"1";"M";"BARRIO EL PE&Ntilde;ON";"0992770659";;"NINGUNA";;;;;;;;"No";"No definido";"Si";"ARADOS 1 TABLETA  CADA MA&Ntilde;ANA (LOSARTAN) , DAPAGLIFOXINA 10 MG (FORXIGA)1/2 TABLETA CADA MA&Ntilde;ANA,  Janumet (metformina 1000 mg+sitagliptina) 1  tableta tarde.";"NO RECUERDA";NULL;;"1941-01-01";"0";"0";"0";"no determinado";"2";"2";"1";"1";"2";"2";"2";"2";"1";"APENDICEPTOMIA HACE 20 A&Ntilde;OS";;"5930980091327";"Otro";"Casado(a)";"0";"NINGUNA";" ECUATORIANA"
"1315";"1";"VASCONEZ NARANJO JAIME VINICIO";"0959263000";"Guaranda";;"0200067957";;"2020-11-21 15:27:10";"2020-11-21 15:27:10";"1";"M";"10 DE AGOSTO Y ANTIGUA COLOMBIA";;;"Jubilado";;;;;;;;" NO";"No definido";"Si";"Clortalidona 50 mg, Losartan 100 mg QD";;NULL;;"1944-07-01";"0";"0";"0";"no determinado";"2";"2";"1";"2";"2";"2";"2";"2";"1";"Pr&oacute;stata en 2014. Fumador pasivo. Bebedor social.";;"5930959263000";"Subsidiado";"Casado(a)";"0";;"ECUATORIANO"
"1316";"1";"ANDINO SERRANO MARIA ESTHER";"0999643998";"Guaranda";;"0200444396";;"2021-01-06 17:25:55";"2021-01-06 17:25:55";"1";"F";"AVENIDA SIMON BOLIVAR - GUANUJO";;;;;;;;;;;"Ninguna";"No definido";"Si";"METFORMINA 500 MG 1 TABLETA MA&Ntilde;ANA Y NOCHE";;NULL;;"1954-11-23";"0";"0";"0";"no determinado";"2";"2";"2";"1";"2";"2";"2";"2";"2";;;"5930999643998";"Otro";"Casado(a)";"0";;" ECUATORIANA"
"1317";"1";"PAREDES SISALEMA NICOL VALERIA";"0968357388";"Guaranda";;"0250182086";;"2021-01-06 17:45:38";"2021-01-06 17:45:38";"1";"F";"GUANUJO";;;;;;;;;;;"Ninguna";"No definido";"Si";"NINGUNO";"ABUELO CON ARTRITIS";NULL;;"1998-03-11";"0";"0";"0";"no determinado";"2";"2";"2";"2";"2";"2";"2";"2";"2";;;"5930968357388";"Otro";"Soltero(a)";"0";;" ECUATORIANA"
"1318";"1";"GARCIA BARRAGAN CECILIA DEL SOCORRO";"0990187581";"Guaranda";;"0200877918";;"2021-01-06 18:17:14";"2021-01-06 18:17:14";"1";"F";"CARABOBO Y MANUEL VERDEZOTO";;;;;;;;;;;"PENICILINA";"No definido";"Si";"LEVOTIROXINA DE 0,25 MCG, ESCITALOPRAM 10 MG DIAS ALTERNOS.";;NULL;;"1964-05-28";"0";"0";"0";"no determinado";"2";"2";"1";"2";"1";"2";"2";"2";"1";"HISTERECTOMIA 2019.";;"5930990187581";"Subsidiado";"Soltero(a)";"0";;" ECUATORIANA"
"1319";"1";"GARCIA VEGA STEFANYA SHADEM";"0991592422";"Guaranda";;"0202199684";;"2021-02-01 20:32:16";"2021-02-01 20:32:16";"1";"F";"BARRIO MIRAFLORES";;;"ESTUDIANTE";;;;;;;;"AL POLVO, PULGA";"No definido";"Si";"POSIBLEMENTE PENICILINA";;NULL;;"2016-09-17";"0";"0";"0";"no determinado";"2";"2";"2";"2";"2";"2";"2";"2";"2";;;"5930991592422";"Otro";"Soltero(a)";"0";"ESTUDIANTE";" ECUATORIANA"
"1320";"1";"CHAVEZ LLUGCHA MARIA LAURA ";"0985629591 ";"Guaranda";;"0200081321";;"2021-04-06 15:26:06";"2021-04-06 15:26:06";"1";"F";"AZUAY Y JOAQUINA GALARZA ";;;;;;;"antecedentes";;;;"No ";"No definido ";"Si";"DIOVAN (VALSARTAN) 160 MG 1 TABLETA CADA DIA MAÑANA ";;NULL;;"1946-01-31";"0";"0";"0";"no determinado";"2";"2";"1";"2";"2";"2";"2";"2";"1";"DESCENSO DE VEJIGA, CALCULO EN CONDUCTOS BILIARES, COLECISTECTOMIA, APENDICECTOM";;"5930985629591";"Subsidiado";"Viudo(a)";"0";;" ECUATORIANA "
"1321";"1";"PRUEBA HOY JAIRO ";;"  ARAJUNO";;"236";;"2021-05-21 20:01:20";"2021-05-21 20:01:20";"1";"M";;;;;;;;;;;;;"No definido";"Si";;;NULL;;"2021-05-18";"0";"0";"0";"no determinado";"0";"0";"0";"0";"0";"0";"0";"0";"0";;;;"Subsidiado";"Casado(a)";"0";;
"1322";"1";"Vega Vega Laura Rebeca";"0990738925 ";"Guaranda";;"0201585452";;"2021-07-05 18:32:16";"2021-07-05 18:32:16";"1";"F";"Matilde Esther ";;;"Agricultura";"Mayra Vega Vega";"0990996112";"HERMANA";"antecedentes";;;;"Ninguna ";"No definido ";"Si";"NINGUNO ";"Artritis reumatoidea la hermana";NULL;;"1979-08-03";"0";"0";"0";"no determinado";"2";"2";"2";"2";"2";"2";"2";"2";"1";"Cesarea y una apendicectomia";;;"Otro";"Casado(a)";"0";"Agricultura";"Ecuatoriana "
"1323";"1";"SANCHEZ VELASCO ELVIA INES";"0994138281";"Guaranda";;"0200598910";;"2021-07-31 10:54:06";"2021-07-31 10:54:06";"1";"F";"LA MAGDALENA";;;"AGRICULTURA";;;;;;;"EPOC
DESGASTE DE 3 VERTEBRAS
OBESIDAD
DISPEPSIA
HIGADO GRASO";" NO";"No definido";"Si";;;NULL;;"1953-10-08";"0";"0";"0";"no determinado";"2";"2";"2";"2";"2";"2";"2";"2";"2";;;"593994138281";"Particular";"Casado(a)";"0";"Independiente";" ECUATORIANA"
"1324";"1";"ZAPATA GUTIERREZ ERIKA PRISCILLIA";"0979184952";"AMBATO
";;"0201533171";;"2021-08-07 13:28:17";"2021-08-07 13:28:17";"1";"F";"AMBATO";;;"AGENTE DE SEGURIDAD";"ELVIA SUSANA GUTIERREZ";"0995154764";"MAMA";;;;;;"No definido";"Si";"CREMA BETAMETAZONA, RANITIDINA 150 MG, PARACETAMOL 500 MG, DIMEHIDRINATO 50 MG.";"DM, HTA";NULL;;"1981-11-06";"0";"0";"0";"no determinado";"2";"2";"1";"2";"2";"2";"2";"2";"2";;;;"Otro";"Otro(a)";"0";"AGENTE DE SEGURIDAD";" ECUATORIANA"
"1325";"1";"AGUILA VARGAS BLANCA MORAIMA";"0994163951";"Guaranda";;"0200710796";;"2021-08-27 16:48:42";"2021-08-27 16:48:42";"1";"F";"LA MAGDALENA";;;"AGRICULTURA";;;;;;;;" NO";"No definido";"Si";"LOSARTAN 50 MG QD";;NULL;;"1962-04-07";"0";"0";"0";"no determinado";"2";"2";"1";"2";"2";"2";"2";"2";"2";;;"593994163951";"Subsidiado";"Separado(a)";"0";"AGRICULTURA";" ECUATORIANA"
"1326";"1";"Bonilla Naranjo Lida Beatriz";"0998082983";"Guaranda";;"1703882504";;"2021-11-09 16:59:26";"2021-11-09 16:59:26";"1";"F";"Guaranda";;;"Jubilada";"Santiago Ximenes";"0998082983";"Hijo";;;;;;"No definido";"No";"Losartan 50 mg ma&ntilde;ana; amlodipino 5 mg noche; clopidogrel 75 mg QD; clonazepan gotero 10 gotas QD; sertralina 1 tableta QD";;NULL;;"1951-02-10";"0";"0";"0";"no determinado";"2";"2";"1";"2";"2";"2";"2";"2";"2";;;"5930998082983";"Otro";"Casado(a)";"0";"Independiente";"ECUATORIANA"
"1327";"1";"YANTALEMA ANGEL ESTUARDO ";"969591554 ";"Guaranda";;"0201141405";;"2023-11-28 19:36:35";"2023-11-28 19:36:35";"1";"M";"FAUSTO BAZANTES ";;;;;;;"antecedentes";;;"SUFRE DE GASTRITIS CRONICA";"NO ";"No definido ";"Si";"NO ";"NO";NULL;;"1966-11-10";"0";"0";"0";"no determinado";"2";"2";"2";"2";"0";"2";"2";"2";"1";"ACCIDENTE DE TRANSITO EN 1996, FRACTURAS DE FEMUR DEREHO CON PROTESIS.";;;"Subsidiado";"Casado(a)";"0";;"ECUATORIANO/A "
"1328";"1";"AGUALONGO CHUQUIAN ANA MARIA";"0986913248";"Guaranda";;"0200883718";;"2023-12-25 15:58:38";"2023-12-25 15:58:38";"1";"F";"SAN PABLO DE ATENAS";;;"NINGUNA";"ANA CADENA AGUALONGO";"0986913248";"HIJA";;;;"COLECISTECTOMIA EN 2018. ";;"No definido";"Si";"ENALAPRIL 20 MG CADA MA&Ntilde;ANA, LORAZEPAM 0.5 MG CADA NOCHE,  TRAMAL 50 MG BID, OMEPRAZOL 20 MG BID.";"MAMA CON ARTROSIS, ABUELO CON POSIBLE ASMA.";NULL;;"1943-10-02";"0";"0";"0";"no determinado";"2";"2";"1";"2";"2";"2";"2";"2";"1";;;"593986913248";"Subsidiado";"Casado(a)";"0";"NINGUNA";"ECUATORIANO/A"
"1329";"1";"CAIZA AMANGANDI MARIA ROSARIO";"0991816472";"Guaranda";;"0200924975";;"2023-12-26 17:46:25";"2023-12-26 17:46:25";"1";"F";"PLAZA DEL CARNAVAL";;;"NINGUNA";"TARIZ CAIZA BEATRIZ DEL CARMEN";"0991816472";"HIJA";;;;;;"No definido";"Si";"LOSARTAN 50 MG BID, CLORTALIDONA 50 MG QD; SERETIDE 2 PUFF TID.";;NULL;;"1939-02-23";"0";"0";"0";"no determinado";"2";"2";"1";"2";"2";"2";"2";"2";"1";"COLECISTECTOMIA DESDE HACE 10 A&Ntilde;OS; HTA DESDE HACE 10 A&Ntilde;OS";;"5930991816470";"Subsidiado";"Viudo(a)";"0";"NINGUNA";"ECUATORIANO/A"
"1330";"1";"VASCONEZ GONZ�?LEZ PAULA VALENTINA ";"0991170608 ";"Guaranda";"valentinavbg2476@gmail.com";"0201432598";;"2023-12-27 18:01:42";"2023-12-27 18:01:43";"1";"F";"Antigua Colombia y García Moreno ";"0991170608";;"Abogada";"Leonor González";"0983086915";"Mamá";"antecedentes";;;;" ";"No definido ";"Si";"Alprazolan a demanda ";"Papá con cáncer de colon; Mamá con DM2";NULL;;"1976-06-24";"0";"0";"0";"no determinado";"2";"2";"2";"2";"2";"2";"2";"2";"1";"Ces&aacute;rea hace 12 a&ntilde;os.";;"5930991170608";"Subsidiado";"Separado(a)";"0";"Abogada";"ECUATORIANO/A "
"1331";"1";"JARRIN SOSA VICENTE GERARDO";"0979513218";"Guaranda";;"0200814713";;"2023-12-29 18:16:53";"2023-12-29 18:16:53";"1";"M";"LA MAGDALENA";;;"MUSICO";;;;;;;;"TIZA, BROCOLI, COLIFLOR";"No definido";"Si";"LOSARTAN 50 MG BID, ATORVASTATINA 40 MG QD, ASA 100 MG QD.";"MAMA OSTEOARTROSIS GENERALIADA, CANCER PULMONAR.";NULL;;"1960-10-20";"0";"0";"0";"no determinado";"2";"2";"1";"2";"2";"1";"2";"2";"2";;;"5930979513218";"Subsidiado";"Soltero(a)";"0";"MUSICO";"ECUATORIANO/A"
"1332";"1";"CORTEZ PEREZ MARIA MAGDALENA";"0985232760";"Guaranda";;"0201235249";;"2023-12-31 11:30:37";"2023-12-31 11:30:37";"1";"F";"CHIMBO";;;"COMERCIANTE";;;;;;;;"NO";"No definido";"Si";"NINGUNO";"PAPA DIABETICO, TIO DIABETICO, HERMANA CON DIABETES. ";NULL;;"1967-07-18";"0";"0";"0";"no determinado";"2";"2";"2";"2";"2";"2";"2";"2";"1";"3 CESAREAS, 1 INTERVENSION POR CUERPO EXTRA&Ntilde;O OLVIDADO, 1 HISTERECTOMIA.";;"5930985232760";"Subsidiado";"Casado(a)";"0";"COMERCIANTE";"ECUATORIANO/A"
"1333";"1";"CAIZA AMANGANDI MARIA OLGA";"991816470";"Guaranda";;"0200976223";;"2024-01-03 17:35:58";"2024-01-03 17:35:58";"1";"F";"LAGUACOTO";;;"AMA DE CASA";"TARIZ CAIZA BEATRIZ DEL CARMEN";"0991816472";"SOBRINA";;;;;;"No definido";"Si";;"HERMANA CON EPOC, HTA.";NULL;;"1945-05-19";"0";"0";"0";"no determinado";"2";"2";"2";"2";"2";"2";"2";"2";"2";"OSTEOARTROSIS DE RODILLAS";;"5930991816472";"Subsidiado";"Soltero(a)";"0";"AMA DE CASA";"ECUATORIANA"
"1334";"1";"JARRIN AVEROS DIEGO SEBASTIAN";"0989367948";"Guaranda";;"0966056780";;"2024-01-04 17:14:02";"2024-01-04 17:14:02";"1";"M";"GUARANDA";;;"NINGUNA";;;;;;;;;"O POSITIVO";"Si";;"MAMA CON PREECLAPSIA";NULL;;"2022-10-04";"0";"0";"0";"no determinado";"2";"2";"2";"2";"2";"2";"2";"2";"2";"PREMATURO DE 33 SEMANAS";;"5930989367948";"Subsidiado";"Soltero(a)";"0";"NINGUNA";"ECUATORIANO/A"
"1335";"1";"VALVERDE VALVERDE ROLANDO GUSTAVO";"0989883870";"Guaranda";;"0201532058";;"2024-01-13 11:10:18";"2024-01-13 11:10:18";"1";"M";"TERMINAL TERRESTRE";;;;"ESCOBAR LILIANA";"0969782348";"ESPOSA";;;;;"NO";"O POSITIVO";"Si";"FLUOXETINA 20 MG CADA NOCHE; RELAX VIT 1 TABLETA CADA NOCHE.";;NULL;;"1980-12-30";"0";"0";"0";"no determinado";"2";"2";"2";"2";"2";"2";"2";"2";"2";;;"5930989883870";"Subsidiado";"Casado(a)";"0";;"ECUATORIANO/A"
"1336";"1";"CHELA NINABANDA SEGUNDO GREGORIO";"0994935839";"Guaranda";;"020021557";;"2024-01-14 15:33:42";"2024-01-14 15:33:42";"1";"M";"GRADAS";;;;;;;;;;;;"No definido";"Si";;;NULL;;"1949-05-31";"0";"0";"0";"no determinado";"2";"2";"2";"2";"2";"2";"2";"2";"2";;;"5930994935839";"Subsidiado";"Casado(a)";"0";;"ECUATORIANO/A"
"1337";"1";"ARAGON AVILEZ LOLA ARACELY";"0985305054";"Guaranda";;"0200866119";;"2024-02-17 11:49:14";"2024-02-17 11:49:14";"1";"F";"AVENIDA LA PRENSA ALTA";;;;"ESCOBAR LILIANA";"0969782348";"HIJA";;;;;"NO";"No definido";"Si";"NINGUNO";"PADRES HIPERTENSOS.";NULL;;"1965-09-20";"0";"0";"0";"no determinado";"2";"2";"2";"2";"2";"2";"2";"2";"1";"COLECISTECTOMIA HACE 18 A&Ntilde;OS.  CEIOTERAPIA EN CUELLO DE UTERO.";;"593985305054";"Subsidiado";"Viudo(a)";"0";;"ECUATORIANO/A"
"1338";"1";"GARCIA GARCIA LESLY PAMELA ";"0979594205";"Guaranda";;"0202262853";;"2024-02-29 17:18:53";"2024-02-29 17:18:53";"1";"F";"GUARANDA";;;"NINGUNA";;;;;;;;;"No definido";"Si";;;NULL;;"2000-04-18";"0";"0";"0";"no determinado";"2";"2";"2";"2";"2";"2";"2";"2";"2";;;"593979594205";"Subsidiado";"Soltero(a)";"0";"NINGUNA";"ECUATORIANO/A"
"1339";"1";"VARGAS ANANGONO GAEL ALEJANDRO ";"0995841095";"Guaranda";;"0250605219";;"2024-05-08 18:10:36";"2024-05-08 18:10:36";"1";"M";"GUARANDA";;;"NINGUNA";;;;;;;;"NO";"No definido";"Si";"NO";"HTA ABUELA PATERNA, BISABUELO HTA + CANCER PROSTATA.";NULL;;"2023-05-29";"0";"0";"0";"no determinado";"2";"2";"2";"2";"2";"2";"2";"2";"2";;;"593995841095";"Subsidiado";"Soltero(a)";"0";"NINGUNA";"ECUATORIANO/A"
"1340";"1";"PUENTE CALDERON MARIA JOSE";"0990064869";"Guaranda";;"0202094462";;"2024-09-21 16:00:55";"2024-09-21 16:00:55";"1";"M";"GUARANDA";;;"ENFERMERA";;;;;;;;"NO";"No definido";"Si";"NO";"NO";"1340.png";;"1994-01-01";"0";"0";"0";"no determinado";"2";"2";"2";"2";"2";"2";"2";"2";"2";"ECLAPMSIA";;"593990064869";"Subsidiado";"Soltero(a)";"0";"ENFERMERA";"ECUATORIANO/A"
"1341";"1";"GAVILAN TOCTA DARIO FRANKLIN";"0997504879";"Guaranda";;"0202668281";;"2024-10-05 17:42:54";"2024-10-05 17:42:54";"1";"M";"GUANUJO";;;"NINGUNA";;;;;;;;"NO";"No definido";"Si";"NO";"NO";NULL;;"2004-05-10";"0";"0";"0";"no determinado";"2";"2";"2";"2";"2";"2";"2";"2";"2";;;"0997504879";"Subsidiado";"Soltero(a)";"0";"NINGUNA";"ECUATORIANO/A"
