"ID";"cliente_id";"usuario_id";"Fecha";"Hora";"motivoConsulta";"diagnostico";"tratamiento";"notas";"recipe";"incapacidades";"cie10";"prestaciones";"rSistema";"enfermedadActual";"acompananteFamiliar";"telefono_acompanante";"paraClinicos";"remision";"diagnosticoMsalud";"comoTomarlo";"antecedentes";"prematuro";"edadGestacionalCompleta";"edadGestacional";"SemanasPrematuriedad";"edadCronologica";"semPrematuriedad";"edadCorregida";"antecedentes_cardio";"patologicos_cardio";"nopatologicos_cardio";"antecedentesPers";"antecedentesFami";"analisis";"receta"
"1";"2";"1";"2020-05-04";"17:47:30";;;;;;;;NULL;"<br>";;;;;;;;NULL;NULL;NULL;NULL;NULL;NULL;NULL;NULL;NULL;NULL;NULL;;;;"1"
"2";"2";"186";"2020-05-04";"19:15:15";;;"plan de tratamiento";;;;"Array";NULL;"<br>";;;;;;;;NULL;NULL;NULL;NULL;NULL;NULL;NULL;NULL;NULL;NULL;NULL;" alergias,Detalles de antecedentes personales:refiere alergias polvo ";;;"1"
"3";"2";"186";"2020-05-04";"20:00:57";"dolor pecho";;"plan recet pla rx lab";;;;;NULL;"<br>";"skdjfhksjdhfksjdhfkjsdhfkjshkdjfhskjdfsdf";;;;;;;NULL;NULL;NULL;NULL;NULL;NULL;NULL;NULL;NULL;NULL;NULL;" alergias, Cáncer, Fármacos,Detalles de antecedentes personales:udhfkhfjskdhkfjshkdjskjdfhkshdfsjdhfkjshdkfjhskdjfhskjdfhskjdf ";;;"3"
"4";"2";"186";"2020-05-04";"20:23:04";"dolor de tobillo";;;;;;;NULL;"<br>";"desde hace una semana";;;;;;;NULL;NULL;NULL;NULL;NULL;NULL;NULL;NULL;NULL;NULL;NULL;;;;"3"
"5";"2";"186";"2020-05-04";"20:34:42";;;"paracetamol";;;;;NULL;"<br>";;;;" Para clínicos : NO<trong> | </trong>";" Remisión : NO<trong> | </trong>";;;NULL;NULL;NULL;NULL;NULL;NULL;NULL;NULL;NULL;NULL;NULL;;;;"3"
"6";"2";"186";"2020-05-04";"20:38:17";;;;;;;;NULL;"<br>";;;;;;;;NULL;NULL;NULL;NULL;NULL;NULL;NULL;NULL;NULL;NULL;NULL;;;;"3"
"7";"2";"186";"2020-05-04";"20:41:23";"sdkfjsdlkfhajdfjasdghfkasdkfjaskdgfasgdf";;"lab, rece, rx";;;;;NULL;"<br>";"dkghskdfgskdfgjsfgui fug sudf gjsdfjghksdjfhgkjsdfhgjksdfkjg";;;;;;;NULL;NULL;NULL;NULL;NULL;NULL;NULL;NULL;NULL;NULL;NULL;" Diabetes, Fármacos, Habitos Saludables, Tuberculosis, Otros. <br>Detalles de antecedentes personales:kjhskdjfhskdhfskhdfs
dfskdfskjdhfksd
fsdhfsdf ";;;"3"
"8";"2";"181";"2020-05-04";"21:35:07";;;;;;;;NULL;"<br>";;;;;;;;NULL;NULL;NULL;NULL;NULL;NULL;NULL;NULL;NULL;NULL;NULL;;;;"4"
"9";"2";"186";"2020-05-04";"22:29:50";;;;;;;"Array";NULL;"<br>";;;;;;;;NULL;NULL;NULL;NULL;NULL;NULL;NULL;NULL;NULL;NULL;NULL;;;;"4"
"10";"0";"1";"2020-05-04";"22:39:33";;;;;;;;NULL;"<br>";;;;;;;;NULL;NULL;NULL;NULL;NULL;NULL;NULL;NULL;NULL;NULL;NULL;;;;"1"
"11";"4";"180";"2020-05-04";"22:56:58";"Motivo consulta
Motivo consulta
";;;;;;;NULL;"<br>";"Enfermedad actual
Enfermedad actual
";;;;;;;NULL;NULL;NULL;NULL;NULL;NULL;NULL;NULL;NULL;NULL;NULL;;;;"1"
"12";"2";"186";"2020-05-05";"06:34:23";;;;;;;;NULL;"<br>";;;;;;;;NULL;NULL;NULL;NULL;NULL;NULL;NULL;NULL;NULL;NULL;NULL;;;;"4"
"13";"2";"1";"2020-05-05";"07:56:27";;;;;;;;NULL;"<br>";;;;;;;;NULL;NULL;NULL;NULL;NULL;NULL;NULL;NULL;NULL;NULL;NULL;;;;"4"
"14";"4";"186";"2020-05-05";"09:59:21";;;;;;;;NULL;"<br>";;;;;;;;NULL;NULL;NULL;NULL;NULL;NULL;NULL;NULL;NULL;NULL;NULL;;;;"1"
"15";"5";"186";"2020-05-05";"18:08:12";;;;;;;;NULL;"<br>";;;;;;;;NULL;NULL;NULL;NULL;NULL;NULL;NULL;NULL;NULL;NULL;NULL;;;;"3"
"16";"5";"186";"2020-05-06";"17:50:24";;;;;;;;NULL;"<br>";;;;;;;;NULL;NULL;NULL;NULL;NULL;NULL;NULL;NULL;NULL;NULL;NULL;;;;"7"
"17";"5";"186";"2020-05-06";"17:51:31";"2";;;;;;;NULL;"<br>";"1";;;;;;;NULL;NULL;NULL;NULL;NULL;NULL;NULL;NULL;NULL;NULL;NULL;;;;"7"
"18";"5";"186";"2020-05-06";"17:51:52";;;;;;;;NULL;"<br>";;;;;;;;NULL;NULL;NULL;NULL;NULL;NULL;NULL;NULL;NULL;NULL;NULL;;;;"7"
"19";"20";"188";"2020-05-06";"18:10:42";"Sesi&oacute;n de seguimiento.  Refiere presi&oacute;n en el pecho";"Ansiedad asociada a preocupaciones. Reprime, intenta contenerse, se carga, no est&aacute; canalizando adecuadamente. ";"Generar pequeños espacios de producción. <br>
Utilizar la valeriana solo cuando no pueda controlar la ansiedad. <br>
<br>
Se le explica que para trabajar este proceso debe iniciar un espacio terapéutico constante, una vez a la semana.<br>
";"<br>
La llamada se desconecta al minuto 36 de la consulta debido a que al paciente se le daña el celular. ";;;;NULL;"<br>";"CONSULTA POR TELEMEDICINA
Se le informa que la llamada est&aacute; siendo grabada por pol&iacute;ticas de la empresa pero se maneja de manera confidencial. 

S&iacute;ntomas: Ansiedad han reducido de manera importante, ayer 7/10 pero hoy 8/10.  Sensaci&oacute;n de que se le cierra el pecho al hacer ejercicio, hoy se repite el malestar, niega otros signos f&iacute;sicos.

Qu&eacute; ha hecho para manejar esta situaci&oacute;n?
Tomando las precauciones.

Pensamientos asociados: 
- Miedo a contraer el virus
- No saber cuanto tiempo estar as&iacute;.

Para volver a la rutina, trabajo casa. Tal vez por el hecho de que pens&aacute;bamos  que ya &iacute;bamos a comenzar a producir nuevamente y no result&oacute;. 


";;;;;"Ansiedad, con signos de presi&oacute;n en el pecho.";;NULL;NULL;NULL;NULL;NULL;NULL;NULL;NULL;NULL;NULL;NULL;"Detalles de antecedentes personales:Niega ";;;"1"
"20";"103";"188";"2020-05-11";"19:06:23";;;;;;;"Array";NULL;"<br>";;;;;;;;NULL;NULL;NULL;NULL;NULL;NULL;NULL;NULL;NULL;NULL;NULL;;;;"2"
"21";"103";"188";"2020-05-11";"19:13:44";;;;;;;"Array";NULL;"<br>";;;;;;;;NULL;NULL;NULL;NULL;NULL;NULL;NULL;NULL;NULL;NULL;NULL;;;;"3"
"22";"95";"181";"2020-05-12";"11:30:16";;;;;;;;NULL;"<br>";;;;;;;;NULL;NULL;NULL;NULL;NULL;NULL;NULL;NULL;NULL;NULL;NULL;;;;"2"
"23";"155";"190";"2020-05-12";"17:30:32";;;;;;;;NULL;"<br>";;;;;;;;NULL;NULL;NULL;NULL;NULL;NULL;NULL;NULL;NULL;NULL;NULL;;;;"2"
"24";"178";"183";"2020-05-13";"17:08:22";"Ver esquema de vacunaci&oacute;n  de la ni&ntilde;ade 5a
";;"   Aplicar las vacunas asi:<br>
DPT; inicial mas Neumococo<br>
esperara 4 semanas <br>
colocar Varicela<br>
esperar 6 sem  y colocar  sarampión rubeola y papera <br>
dar pareecetamol , umbral jarabe para la fiebre cada 6 horas ( Umbral)<br>
aplicar diclofenaco en zona de inyección si se inflama";;;;;NULL;"<br>";;;;;;;;NULL;NULL;NULL;NULL;NULL;NULL;NULL;NULL;NULL;NULL;NULL;;;;"1"
"25";"280";"196";"2020-05-19";"08:16:26";"Alimentaci&oacute;n para aumentar masa muscular y reducir al m&aacute;ximo grasa corporal";;;;;;;NULL;"<br>";;;;;;;;NULL;NULL;NULL;NULL;NULL;NULL;NULL;NULL;NULL;NULL;NULL;;;;"1"
"26";"280";"196";"2020-05-19";"08:22:41";"Alimentaci&oacute;n para aumentar masa muscular y reducir al m&aacute;ximo grasa corporal";;;;;;;NULL;"<br>";;;;;;;;NULL;NULL;NULL;NULL;NULL;NULL;NULL;NULL;NULL;NULL;NULL;;;"Paciente no refiere peso corporal por lo que no se puede valorar estado nutricional, realiza ejercicio 3 veces por semana en casa, consume 9 vasos de agua al d&iacute;a aproximadamente, no presenta ninguna molestia gastrointestinal, utiliza az&uacute;car blanca para endulzar las bebidas. Se prescribe un plan de alimentaci&oacute;n hipocal&oacute;rico, hiperprot&eacute;ico e hipograso. Se realizar&aacute; un control dentro de 1 semana.";"1"
"27";"307";"196";"2020-05-19";"08:29:11";"Bajar de peso";;;;;;;NULL;"<br>";;;;;;;;NULL;NULL;NULL;NULL;NULL;NULL;NULL;NULL;NULL;NULL;NULL;;;"Paciente solicita un plan de nutrici&oacute;n para p&eacute;rdida de peso corporal, refiere que en diciembre se someti&oacute; a una cirug&iacute;a de extirpaci&oacute;n de &uacute;tero y desde entonces refiere que ha subido de peso a pesar de que actualmente no conoce el valor en kiligramos, No realiza actividad f&iacute;sica, consume 1 vaso de agua al d&iacute;a, utiliza estevia y az&uacute;car morena para endulzar bebidas, refiere que consume suplementos de col&aacute;geno y mucha gelatina. Se prescribe un plan de alimentaci&oacute;n normocal&oacute;rico, normoprot&eacute;ico e hipograso basado en cinco tomas al d&iacute;a, se realizar&aacute; un control dentro de una semana.";"1"
"28";"165";"1";"2020-05-20";"18:54:05";;;;;;;;NULL;"<br>";;;;;;;;NULL;NULL;NULL;NULL;NULL;NULL;NULL;NULL;NULL;NULL;NULL;;;;"3"
"29";"165";"1";"2020-05-21";"14:07:19";"MOTIVOOOOOO";;;;;;;NULL;"<br>";"ENGERMEDADDDD";;;;;;;NULL;NULL;NULL;NULL;NULL;NULL;NULL;NULL;NULL;NULL;NULL;;;;"3"
"30";"152";"1";"2020-05-21";"14:24:13";;;;;;;;NULL;"<br>";;;;;;;;NULL;NULL;NULL;NULL;NULL;NULL;NULL;NULL;NULL;NULL;NULL;;;;"9"
"31";"152";"1";"2020-05-21";"14:39:43";;;;;;;;NULL;"<br>";;;;;;;;NULL;NULL;NULL;NULL;NULL;NULL;NULL;NULL;NULL;NULL;NULL;"Detalles de antecedentes personales:personales ";;;"9"
"32";"152";"1";"2020-05-21";"14:52:08";;;;;;;;NULL;"<br>";;;;;;;;NULL;NULL;NULL;NULL;NULL;NULL;NULL;NULL;NULL;NULL;NULL;"Detalles de antecedentes personales:personales ";"Detalles de antecedentes familiares:faliliares ";;"9"
"33";"152";"1";"2020-05-21";"14:53:00";;;;;;;;NULL;"<br>";;;;;;;;NULL;NULL;NULL;NULL;NULL;NULL;NULL;NULL;NULL;NULL;NULL;"Detalles de antecedentes personales:personales ";"Detalles de antecedentes familiares:faliliares ";;"9"
"34";"152";"1";"2020-05-21";"14:55:02";"consultaaaa no guarda";;;;;;;NULL;"<br>";;;;;;;;NULL;NULL;NULL;NULL;NULL;NULL;NULL;NULL;NULL;NULL;NULL;"Detalles de antecedentes personales:antecedentes personales ";"Detalles de antecedentes familiares:faliliares ntecedentes ";"analisisis";"9"
"35";"152";"1";"2020-05-21";"15:03:49";;;;;;;;NULL;"<br>";;;;;;;;NULL;NULL;NULL;NULL;NULL;NULL;NULL;NULL;NULL;NULL;NULL;"Detalles de antecedentes personales:estos son personales ";"Detalles de antecedentes familiares:estos son familiares ";;"9"
"36";"152";"1";"2020-05-21";"15:07:14";;;;;;;;NULL;"<br>";;;;;;;;NULL;NULL;NULL;NULL;NULL;NULL;NULL;NULL;NULL;NULL;NULL;;;;"9"
"37";"152";"1";"2020-05-21";"15:10:58";;;;;;;;NULL;"<br>";;;;;;;;NULL;NULL;NULL;NULL;NULL;NULL;NULL;NULL;NULL;NULL;NULL;;;;"9"
"38";"152";"1";"2020-05-21";"15:13:52";;;;;;;;NULL;"<br>";;;;;;;;NULL;NULL;NULL;NULL;NULL;NULL;NULL;NULL;NULL;NULL;NULL;;;;"9"
"39";"152";"1";"2020-05-21";"15:16:43";;;;;;;;NULL;"<br>";;;;;;;;NULL;NULL;NULL;NULL;NULL;NULL;NULL;NULL;NULL;NULL;NULL;;;;"9"
"40";"152";"1";"2020-05-21";"15:25:16";;;;;;;;NULL;" Fiebre : SI<trong> | </trong> Tos: NO<trong> | </trong> Mareo: SI<trong> | </trong> Vomito: NO<trong> | </trong><br>";;;;;;;;NULL;NULL;NULL;NULL;NULL;NULL;NULL;NULL;NULL;NULL;NULL;;;;"9"
"41";"152";"1";"2020-05-21";"15:26:08";;;;;;;;NULL;" Fiebre : SI<trong> | </trong> Tos: NO<trong> | </trong> Rinorrea: SI<trong> | </trong> Cefalea: SI<trong> | </trong> Mareo: SI<trong> | </trong> Vomito: NO<trong> | </trong> Diarrea: NO<trong> | </trong> Disuria: NO<trong> | </trong><br>";;;;;;;;NULL;NULL;NULL;NULL;NULL;NULL;NULL;NULL;NULL;NULL;NULL;;;;"9"
"42";"152";"1";"2020-05-21";"15:27:58";;;;;;;;NULL;" Fiebre : SI<trong> | </trong> Tos: NO<trong> | </trong> Rinorrea: SI<trong> | </trong> Cefalea: SI<trong> | </trong> Mareo: SI<trong> | </trong> Vomito: NO<trong> | </trong> Diarrea: NO<trong> | </trong> Disuria: NO<trong> | </trong><br>";;;;;;;;NULL;NULL;NULL;NULL;NULL;NULL;NULL;NULL;NULL;NULL;NULL;;;;"9"
"43";"152";"1";"2020-05-21";"15:29:42";;;;;;;;NULL;" Fiebre : SI<trong> | </trong> Tos: NO<trong> | </trong> Rinorrea: SI<trong> | </trong> Cefalea: SI<trong> | </trong> Mareo: SI<trong> | </trong> Vomito: NO<trong> | </trong> Diarrea: NO<trong> | </trong> Disuria: NO<trong> | </trong> Dolor de Garganta: SI<trong> | </trong> Dolor Adominal: SI<trong> | </trong> Disnea: SI<trong> | </trong> Otalgia: NO<trong> | </trong> Perdida de Peso: SI<trong> | </trong> Sangre en las heces o al defecar: NO<trong> | </trong> Hematuria: SI<trong> | </trong><br>";;;;;;;;NULL;NULL;NULL;NULL;NULL;NULL;NULL;NULL;NULL;NULL;NULL;"Detalles de antecedentes personales:persomm ";"Detalles de antecedentes familiares:familiaaa ";;"9"
"44";"152";"1";"2020-05-21";"15:31:18";;;;;;;;NULL;" Fiebre : SI<trong> | </trong> Tos: NO<trong> | </trong> Rinorrea: SI<trong> | </trong> Cefalea: SI<trong> | </trong> Mareo: SI<trong> | </trong> Vomito: NO<trong> | </trong> Diarrea: NO<trong> | </trong> Disuria: NO<trong> | </trong> Dolor de Garganta: SI<trong> | </trong> Dolor Adominal: SI<trong> | </trong> Disnea: SI<trong> | </trong> Otalgia: NO<trong> | </trong> Perdida de Peso: SI<trong> | </trong> Sangre en las heces o al defecar: NO<trong> | </trong> Hematuria: SI<trong> | </trong><br>";;;;;;;;NULL;NULL;NULL;NULL;NULL;NULL;NULL;NULL;NULL;NULL;NULL;" alergias, Alertas de Riesgo, Enfermedad Renal, Fármacos, Maltrato-Violencia,Detalles de antecedentes personales:persomm ";" Cardiosvasculares, Nefropatías, Violencia Intra Familiar,Detalles de antecedentes familiares:familiaaa ";;"9"
"45";"152";"1";"2020-05-21";"15:32:07";;;;;;;;NULL;" Fiebre : SI<trong> | </trong> Tos: NO<trong> | </trong> Rinorrea: SI<trong> | </trong> Cefalea: SI<trong> | </trong> Mareo: SI<trong> | </trong> Vomito: NO<trong> | </trong> Diarrea: NO<trong> | </trong> Disuria: NO<trong> | </trong> Dolor de Garganta: SI<trong> | </trong> Dolor Adominal: SI<trong> | </trong> Disnea: SI<trong> | </trong> Otalgia: NO<trong> | </trong> Perdida de Peso: SI<trong> | </trong> Sangre en las heces o al defecar: NO<trong> | </trong> Hematuria: SI<trong> | </trong><br>";;;;;;;;NULL;NULL;NULL;NULL;NULL;NULL;NULL;NULL;NULL;NULL;NULL;" alergias, Alertas de Riesgo, Enfermedad Renal, Fármacos, Maltrato-Violencia,Detalles de antecedentes personales:persomm ";" Cardiosvasculares, Nefropatías, Violencia Intra Familiar,Detalles de antecedentes familiares:familiaaa ";;"9"
"46";"152";"1";"2020-05-21";"15:34:27";;;;;;;;NULL;" Fiebre : SI<trong> | </trong> Tos: NO<trong> | </trong> Rinorrea: SI<trong> | </trong> Cefalea: SI<trong> | </trong> Mareo: SI<trong> | </trong> Vomito: NO<trong> | </trong> Diarrea: NO<trong> | </trong> Disuria: NO<trong> | </trong> Dolor de Garganta: SI<trong> | </trong> Dolor Adominal: SI<trong> | </trong> Disnea: SI<trong> | </trong> Otalgia: NO<trong> | </trong> Perdida de Peso: SI<trong> | </trong> Sangre en las heces o al defecar: NO<trong> | </trong> Hematuria: SI<trong> | </trong><br>";;;;;;;;NULL;NULL;NULL;NULL;NULL;NULL;NULL;NULL;NULL;NULL;NULL;" alergias, Alertas de Riesgo, Enfermedad Renal, Fármacos, Maltrato-Violencia,Detalles de antecedentes personales:persomm ";" Cardiosvasculares, Nefropatías, Violencia Intra Familiar,Detalles de antecedentes familiares:familiaaa ";;"9"
"47";"152";"1";"2020-05-21";"15:36:59";;;;;;;;NULL;" Fiebre : SI<trong> | </trong> Tos: NO<trong> | </trong> Rinorrea: SI<trong> | </trong> Cefalea: SI<trong> | </trong> Mareo: SI<trong> | </trong> Vomito: NO<trong> | </trong> Diarrea: NO<trong> | </trong> Disuria: NO<trong> | </trong> Dolor de Garganta: SI<trong> | </trong> Dolor Adominal: SI<trong> | </trong> Disnea: SI<trong> | </trong> Otalgia: NO<trong> | </trong> Perdida de Peso: SI<trong> | </trong> Sangre en las heces o al defecar: NO<trong> | </trong> Hematuria: SI<trong> | </trong><br>";;;;;;;;NULL;NULL;NULL;NULL;NULL;NULL;NULL;NULL;NULL;NULL;NULL;" alergias, Alertas de Riesgo, Enfermedad Renal, Fármacos, Maltrato-Violencia,Detalles de antecedentes personales:persomm ";" Cardiosvasculares, Nefropatías, Violencia Intra Familiar,Detalles de antecedentes familiares:familiaaa ";;"9"
"48";"152";"1";"2020-05-21";"15:40:00";;;;;;;;NULL;" Fiebre : SI<trong> | </trong> Mareo: SI<trong> | </trong> Dolor de Garganta: SI<trong> | </trong> Perdida de Peso: SI<trong> | </trong> Parestesias: SI<trong> | </trong><br>";;;;;;;;NULL;NULL;NULL;NULL;NULL;NULL;NULL;NULL;NULL;NULL;NULL;" Cáncer, Fármacos, Maltrato-Violencia, Salud Mental,";" Diabetes, Obesidad, Salud Mental,";;"9"
"49";"152";"1";"2020-05-21";"15:42:04";;;;;;;;NULL;" Fiebre : SI<trong> | </trong> Mareo: SI<trong> | </trong> Dolor de Garganta: SI<trong> | </trong> Perdida de Peso: SI<trong> | </trong> Parestesias: SI<trong> | </trong><br>";;;;;;;;NULL;NULL;NULL;NULL;NULL;NULL;NULL;NULL;NULL;NULL;NULL;" Cáncer, Fármacos, Maltrato-Violencia, Salud Mental,";" Diabetes, Obesidad, Salud Mental,";;"9"
"50";"152";"1";"2020-05-21";"15:47:53";"probando historia";;;;;;;NULL;" Fiebre : SI<trong> | </trong> Tos: SI<trong> | </trong> Mareo: SI<trong> | </trong> Vomito: SI<trong> | </trong> Diarrea: NO<trong> | </trong> Disnea: NO<trong> | </trong><br>";;;;;;;;NULL;NULL;NULL;NULL;NULL;NULL;NULL;NULL;NULL;NULL;NULL;" alergias, Enfermedad Renal, Habitos Saludables, Postnatales, Tuberculosis,Detalles de antecedentes personales:persnales ";" Cardiosvasculares, Madre Adolescente, Nefropatías, Tuberculosis,Detalles de antecedentes familiares:familiares ";;"9"
"51";"479";"181";"2020-05-27";"09:46:00";;;;;;;;NULL;"<br>";;;;;;"TENDINITIS DE MANOS";;NULL;NULL;NULL;NULL;NULL;NULL;NULL;NULL;NULL;NULL;NULL;;;;"2"
"52";"153";"1";"2020-06-01";"17:28:37";"5:08";;;;;;;NULL;"<br>";;;;;;;;NULL;NULL;NULL;NULL;NULL;NULL;NULL;NULL;NULL;NULL;NULL;;;;"13"
"53";"153";"1";"2020-06-01";"18:07:32";"5.36";;;;;;;NULL;"<br>";;;;;;;;NULL;NULL;NULL;NULL;NULL;NULL;NULL;NULL;NULL;NULL;NULL;;;;"13"
"54";"524";"181";"2020-06-02";"11:02:16";;;;;;;;NULL;"<br>";;;;;;;;NULL;NULL;NULL;NULL;NULL;NULL;NULL;NULL;NULL;NULL;NULL;;;;"1"
"55";"524";"181";"2020-06-02";"11:04:53";;;;;;;;NULL;"<br>";;;;;;;;NULL;NULL;NULL;NULL;NULL;NULL;NULL;NULL;NULL;NULL;NULL;;;;"1"
"56";"653";"181";"2020-06-02";"11:08:09";;;;;;;;NULL;"<br>";;;;;;;;NULL;NULL;NULL;NULL;NULL;NULL;NULL;NULL;NULL;NULL;NULL;;;;"2"
"57";"634";"181";"2020-06-02";"11:11:39";;;;;;;;NULL;"<br>";;;;;;;;NULL;NULL;NULL;NULL;NULL;NULL;NULL;NULL;NULL;NULL;NULL;;;;"2"
"58";"457";"1";"2020-06-02";"11:15:23";;;;;;;"Array";NULL;"<br>";;;;;;;;NULL;NULL;NULL;NULL;NULL;NULL;NULL;NULL;NULL;NULL;NULL;;;;"2"
"59";"1331";"1";"2024-02-17";"11:42:00";"Control";;;;;;"Array";NULL;"<br>";"Refiere que se mantiene el dolor en la parte posterior de su cabeza, niega falta de aire. ";;;;;;;NULL;NULL;NULL;NULL;NULL;NULL;NULL;NULL;NULL;NULL;NULL;" Trastornos Hipertensivos,";;;"1"
"60";"1337";"1";"2024-02-17";"12:23:47";"MOLESTIAS POSMICCIONALES ";;"Medidas no farmacológicas:<br>
1.	Dieta libre<br>
2.	Agua segura, frecuente.<br>
3.	Toma de TA por 7 ocasiones, con la misma persona, aparato y horario, anotar.<br>
<br>
Medidas farmacológicas:<br>
4.	Trimetropin/sulfametoxazol (400/80 mg) 1 tableta 7 am y 7 pm por 7 días.<br>
5.	Vitamina C 1 tableta cada día por 20 días<br>
";;;;"Array";NULL;"<br>";"REFIERE QUE TIENE 8 DIAS CON MOLESTIAS POSMICCIONALES, SE AUTOMEDICO CON UVAMIN POR 3 DIAS, HUBO MEJORIAS PARCIAL.";;;;;;;NULL;NULL;NULL;NULL;NULL;NULL;NULL;NULL;NULL;NULL;NULL;;" Cardiosvasculares,Detalles de antecedentes familiares:PADRES CON HTA ";;"1"
"61";"1302";"1";"2024-09-10";"09:49:03";;"FARINGITIS AGUDA (J02)";"PARACETAMOL 300 MG QUID VIA ORAL<br>
TRIMETROPIM-SULFAMETOXAZOL 400/80 MG BID ORAL";;;;;NULL;" Fiebre : SI<trong> | </trong> Cefalea: SI<trong> | </trong> Dolor de Garganta: SI<trong> | </trong> Dolor Adominal: SI<trong> | </trong><br>";"Usuaria refiere tener fiebre, dolor e cabeza y dolor abdominal.";;;;;;;NULL;NULL;NULL;NULL;NULL;NULL;NULL;NULL;NULL;NULL;NULL;" Crecimiento y Desarrollo,";" Diabetes, Obesidad,Detalles de antecedentes familiares:ABUELO PATERNO CON DM2 E HTA
ABUELO MATERNO CON OBESIDAD, HTA, HIPOTIROIDISMO, GOTA
ABUELA MATERNA CON OBESIDAD, HTA
PADRE CON PSORIASIS ";;"4"
"62";"1318";"1";"2024-09-18";"18:43:39";"dolor de garganta";;"AZITROMICINA 500 MG QD X 5 DIAS<br>
PARACETAMOL 1000 MG QUID X 5 DIAS<br>
GARGARAS";;;;;NULL;" Tos: SI<trong> | </trong> Dolor de Garganta: SI<trong> | </trong><br>ORL. ERITEMA DE LA FARINGE Y AMIGDALA, PRESENCIA DE PUS EN AMIGDALA DERECHA";"La usuaria presenta dolor de garganta desde hace dos d&iacute;as, refiere adem&aacute;s que tiene una sensaci&oacute;n de pinchazo en la garganta, dificultad para tragar, niega fiebre";;;;;"AMIGDALITIS AGUDA";;NULL;NULL;NULL;NULL;NULL;NULL;NULL;NULL;NULL;NULL;NULL;" Diabetes, Fármacos,";;;"1"
"63";"1340";"1";"2024-09-21";"16:11:54";"Dolor de cuerpo";"Infecci&oacute;n por virus de la influenza tipo A";"Indicaciones:<br>
Medidas no farmacológicas:<br>
1.	Dieta libre.<br>
2.	Abundante agua.<br>
3.	Gárgaras con agua de manzanilla dos veces al día.<br>
Medidas farmacológicas:<br>
1.	Azitromicina. 2 tabletas el primer día, desde mañana 1 tableta diaria x 3 días.<br>
2.	Tramadol (50 mg) 1 tabletas 7 am – 2 pm – 10 pm por 5 días.<br>
3.	Tensiflex 1 tableta 7 am – 2 pm – 10 pm por 5 días.<br>
4.	Respirex 1 tableta 7 am y 7 pm por 5 días.<br>
";;;"Certificado médico de reposo por 5 días";;NULL;" Fiebre : SI<trong> | </trong> Rinorrea: SI<trong> | </trong> Cefalea: SI<trong> | </trong> Mareo: SI<trong> | </trong> Dolor de Garganta: SI<trong> | </trong><br>";"La usuaria refiere tener escalofr&iacute;os, dolor del cuerpo, dolor de cabeza de hace tres d&iacute;as.";;;" Para clínicos : SI<trong> | </trong>";;;;NULL;NULL;NULL;NULL;NULL;NULL;NULL;NULL;NULL;NULL;NULL;;;;"1"
"64";"1341";"1";"2024-10-05";"17:52:59";"Control";;"Se sugiere mantener la dieta y la actividad física.";;;;;NULL;" Fiebre : NO<trong> | </trong> Tos: NO<trong> | </trong> Rinorrea: NO<trong> | </trong> Cefalea: NO<trong> | </trong> Mareo: NO<trong> | </trong> Vomito: NO<trong> | </trong> Diarrea: NO<trong> | </trong> Disuria: NO<trong> | </trong> Dolor de Garganta: NO<trong> | </trong> Dolor Adominal: NO<trong> | </trong> Disnea: NO<trong> | </trong> Otalgia: NO<trong> | </trong> Perdida de Peso: NO<trong> | </trong> Sangre en las heces o al defecar: NO<trong> | </trong> Hematuria: NO<trong> | </trong> Dolor en las extremidades: NO<trong> | </trong> Parestesias: NO<trong> | </trong> Hipoestesias: NO<trong> | </trong><br>Nada relevante";"Usuario refiere que esta en proceso de ingreso  la Polic&iacute;a Nacional, que el d&iacute;a anterior a los ex&aacute;menes sangu&iacute;neos tuvo una comida copiosa en la noche, que por ello en el examen de glicemia sali&oacute; elevado, solicita una evaluaci&oacute;n.";;;" Para clínicos : SI<trong> | </trong>";;"Control de Salud (Z001)";;NULL;NULL;NULL;NULL;NULL;NULL;NULL;NULL;NULL;NULL;NULL;"Detalles de antecedentes personales:Nada relevantes ";;"Glicemia en ayunas: 84.2 mg/dL
Hemoglobina glicosilada: 5.1%";"1"
"65";"1303";"1";"2024-10-05";"20:32:06";"DOLOR DE GARGANTA";;;;;;;NULL;" Fiebre : NO<trong> | </trong> Tos: SI<trong> | </trong> Rinorrea: SI<trong> | </trong> Cefalea: SI<trong> | </trong> Mareo: NO<trong> | </trong> Vomito: NO<trong> | </trong> Diarrea: NO<trong> | </trong> Disuria: NO<trong> | </trong> Dolor de Garganta: SI<trong> | </trong> Dolor Adominal: NO<trong> | </trong> Disnea: NO<trong> | </trong> Otalgia: NO<trong> | </trong> Perdida de Peso: NO<trong> | </trong> Sangre en las heces o al defecar: NO<trong> | </trong> Hematuria: NO<trong> | </trong> Dolor en las extremidades: NO<trong> | </trong> Parestesias: NO<trong> | </trong> Hipoestesias: NO<trong> | </trong><br>";"REFIERE 48 HORAS DE DOLOR DE GARGANTA";;;;;"RINOFARINGITIS AGUDA (J00)";;NULL;NULL;NULL;NULL;NULL;NULL;NULL;NULL;NULL;NULL;NULL;"Detalles de antecedentes personales:NEOPLASIA DE OVARIO 2024 (GRANULOSA DEL ADULTO) ";"Detalles de antecedentes familiares:HTA PAPA Y MAMA ";;"1"
